Id,Label,season_number,season_title
10001,Pokémon! I Choose You,1,Indigo League
10002,Battle! Pokemon Center,1,Indigo League
10003,I Caught A Pokémon,1,Indigo League
10004,Samauri's Challenge,1,Indigo League
10005,Pewter Gym Battle,1,Indigo League
10006,Clefairy and the Moon Stone,1,Indigo League
10007,Water flowers of Cerulean Gym,1,Indigo League
10008,The Road to the Pokémon League,1,Indigo League
10009,Pokemon Ensured-Victory Manual,1,Indigo League
10010,Bulbasaur's Hidden Village,1,Indigo League
10011,The Lost Pokémon: Charmander,1,Indigo League
10012,Squirtle's Gangs Entrance,1,Indigo League
10013,Bill's Lighthouse,1,Indigo League
10014,Electric Battle! Vermillion Gym,1,Indigo League
10015,Battle On The St. Anne,1,Indigo League
10016,Pokémon Adrift,1,Indigo League
10017,Island of Enormous Pokémon!?!,1,Indigo League
10018,Holiday in Acopaulo,1,Indigo League
10019,Tentacool and Tentacruel,1,Indigo League
10020,Phantom Pokémon and the Summer Festival,1,Indigo League
10021,Bye Bye Butterfree,1,Indigo League
10022,Abra! Psychic Showdown,1,Indigo League
10023,Capture at Pokémon Tower,1,Indigo League
10024,Haunter Vs. Kadabra,1,Indigo League
10025,Don't Go Angry Primeape!,1,Indigo League
10026,Erika and Gloom,1,Indigo League
10027,Hypno and Pokemon Hypnotism?!,1,Indigo League
10028,Vulpix! Breeder Battle,1,Indigo League
10029,Pokémon Match! Serious Battle!,1,Indigo League
10030,Magnemite! Dreams of an Electric Mouse!?,1,Indigo League
10031,Full of Diglett,1,Indigo League
10032,Fuchsia Ninja Battle!,1,Indigo League
10033,Blazing Pokémon Race,1,Indigo League
10034,Kangaskahn's Lullaby,1,Indigo League
10035,The Legend of Dratini,1,Indigo League
10036,Storm on Cycling Road,1,Indigo League
10037,Ditto and Duplica,1,Indigo League
10038,Electric Soldier Porygon,1,Indigo League
10039,Forest of Pikachu,1,Indigo League
10040,Four Eevee Brothers,1,Indigo League
10041,Get Up! Snorlax,1,Indigo League
10042,Showdown! Pokemon Gym!,1,Indigo League
10043,Exeggutor Gang March,1,Indigo League
10044,Paras And Parasect,1,Indigo League
10045,Sing! Jigglypuff!,1,Indigo League
10046,Resurrection!? Fossil Pokemon!,1,Indigo League
10047,Chansey's Clinical Records,1,Indigo League
10048,Growlithe and James,1,Indigo League
10049,Farfetch'd's Easy Target,1,Indigo League
10050,Whose is Togepi?,1,Indigo League
10051,Bulbasaur's Mysterious Garden,1,Indigo League
10052,Fierce Fighting! Pokemon Girls' Festival,1,Indigo League
10053,It's Children's Day! Mass Approval,1,Indigo League
10054,Police Officer Growlithe,1,Indigo League
10055,Shutter Chance Pikachu,1,Indigo League
10056,Pokemon League Certification Test!?,1,Indigo League
10057,The Secret of the Breeding Center,1,Indigo League
10058,Heated Battle in Cinnibar Gym ,1,Indigo League
10059,Decisive Battle! Cinnabar Gym,1,Indigo League
10060,Blastoise's Island,1,Indigo League
10061,Cerulean Gym! Battling in Water,1,Indigo League
10062,Clefairy Vs. Jigglypuff,1,Indigo League
10063,Viridian Gym! The Last Badge!,1,Indigo League
10064,Mr. Mime and the Pokémon Circus,1,Indigo League
10065,Jynx and Christmas,1,Indigo League
10066,Onix as Bivouac,1,Indigo League
10067,Dueling with the Rival! Oak's Laboratory,1,Indigo League
10068,Slowpoke Evolving Into Slowbro,1,Indigo League
10069,Legend of the Surfing Pikachu,1,Indigo League
10070,Gloom of the Botanical Garden,1,Indigo League
10071,Pokémon: The Movie,1,Indigo League
10072,Why Meowth Can Speak,1,Indigo League
10073,Bruno of the Elite Four Enters!,1,Indigo League
10074,A Battle of Ancient Pokémon,1,Indigo League
10075,Marowak's Bone Club,1,Indigo League
10076,Moltres! Declaring the Pokémon League!,1,Indigo League
10077,Pokémon League Opening! Match In Water Field!,1,Indigo League
10078,Ice Field! Blazing Battle,1,Indigo League
10079,Formidable Rival in Grass Field!,1,Indigo League
10080,New Rival,1,Indigo League
10081,Indigo Stadium! VS Richie,1,Indigo League
10082,Pokémon League! The Final Battle!,1,Indigo League
10083,Pallet Town! Another Departure!,1,Indigo League
10084,Airship Mishap!?,2,Adventures in the Orange Islands
10085,Southern Pokémon & The GS Ball,2,Adventures in the Orange Islands
10086,Lapras In Bonds!,2,Adventures in the Orange Islands
10087,Orange League! Mikan Gym! ,2,Adventures in the Orange Islands
10088,Mystery of the Disappearing Pokémon!,2,Adventures in the Orange Islands
10089,The Crystal Onix!,2,Adventures in the Orange Islands
10090,The Island of Pink Pokémon!,2,Adventures in the Orange Islands
10091,Secret of Fossil Kabuto!,2,Adventures in the Orange Islands
10092,Dance! Pokémon Showboat!,2,Adventures in the Orange Islands
10093,"Adios Psyduck, Hello Golduck",2,Adventures in the Orange Islands
10094,Nurse Joy Sailing! Raging Waves!,2,Adventures in the Orange Islands
10095,Navel Island! Battle on Snow Mountain,2,Adventures in the Orange Islands
10096,Hungry Snorlax! Great Panic!,2,Adventures in the Orange Islands
10097,Phantom Pokémon of the Phantom Ship!,2,Adventures in the Orange Islands
10098,Lord Meowth's Island!?,2,Adventures in the Orange Islands
10099,Scyther - Soldier's Pride,2,Adventures in the Orange Islands
10100,It's the Southern Islands! Everyone Gather!,2,Adventures in the Orange Islands
10101,Lorelei of the Elite Four! Ice Duel!,2,Adventures in the Orange Islands
10102,Nidoran's Love Story,2,Adventures in the Orange Islands
10103,The Vast Plain's Call,2,Adventures in the Orange Islands
10104,Phantom of the Underwater Tunnel,2,Adventures in the Orange Islands
10105,Trovita Gym Type Battle! 3 vs. 3!,2,Adventures in the Orange Islands
10106,Pikachu Vs. Meowth!?,2,Adventures in the Orange Islands
10107,Charizard! I Choose You!,2,Adventures in the Orange Islands
10108,Fire Extinguishing Showdown! Squirtle Vs. Wartortle!,2,Adventures in the Orange Islands
10109,Snorlax's Power!,2,Adventures in the Orange Islands
10110,Tag Match! The Last Gym!,2,Adventures in the Orange Islands
10111,Magikarp! The True Secret!,2,Adventures in the Orange Islands
10112,Poliwag and Misty,2,Adventures in the Orange Islands
10113,Winner's Cup! 6 vs. 6!,2,Adventures in the Orange Islands
10114,Final Battle! Dragonite's Appearance!,2,Adventures in the Orange Islands
10115,Goodbye Lapras!,2,Adventures in the Orange Islands
10116,Electrode's Tremendous Blast!?,2,Adventures in the Orange Islands
10117,Return to Pallet Town!,2,Adventures in the Orange Islands
10118,Rival Confrontation! Ash Vs. Gary!,2,Adventures in the Orange Islands
10119,New Bark Town! Where Winds of New Beginnings Blow!,3,The Johto Journeys
10120,Rookie's Chikorita!,3,The Johto Journeys
10121,Collide! Heracross vs. Pinsir!,3,The Johto Journeys
10122,Donphan's Valley!,3,The Johto Journeys
10123,Hoothoot and the Mysterious Forest!,3,The Johto Journeys
10124,Bellossom's Battle Dancing,3,The Johto Journeys
10125,Spinarak! The Ultimate Detective Job!,3,The Johto Journeys
10126,Snubbull's Magnificent Life!?,3,The Johto Journeys
10127,Stantler! Forest of Illusions!,3,The Johto Journeys
10128,Stubborn Chikorita!!,3,The Johto Journeys
10129,Quagsire and the GS Ball!?,3,The Johto Journeys
10130,Ledyba's Flute!,3,The Johto Journeys
10131,Blissey The Happy Nurse!,3,The Johto Journeys
10132,Pokemon School and Bellsprout's Tower!,3,The Johto Journeys
10133,Violet Gym! Sky Battle!,3,The Johto Journeys
10134,Crybaby Marill!,3,The Johto Journeys
10135,Pasture! Sentret & Togepi! ,3,The Johto Journeys
10136,Charizard Valley! Until We Meet Again!,3,The Johto Journeys
10137,Big Panic! Sunflora Contest!! ,3,The Johto Journeys
10138,Chikorita's Jealousy!,3,The Johto Journeys
10139,Hoppip's Jealousy! Battle In the Big Prarie!,3,The Johto Journeys
10140,Riddle Superhero! Gligar Man!!,3,The Johto Journeys
10141,Mareep Meadow's Girl!!,3,The Johto Journeys
10142,Battle! Heracross vs. Scizor!! ,3,The Johto Journeys
10143,I Got Cyndaquil!,3,The Johto Journeys
10144,Azalea Town! Slowpoke's Well!,3,The Johto Journeys
10145,Pineco and the Apricorns! Mountain-side Battle!,3,The Johto Journeys
10146,Azalea Gym! Forest Battle!,3,The Johto Journeys
10147,Ilex Forest! Search for Farfetch'd!,3,The Johto Journeys
10148,Wobbuffet and the Pokémon Exchange!,3,The Johto Journeys
10149,Burn Squirtle Squad! Like a Fire!!,3,The Johto Journeys
10150,Lots of Wooper!,3,The Johto Journeys
10151,Jigglypuff Vs. Snubbull!,3,The Johto Journeys
10152,The Dark Pokémon Houndour!,3,The Johto Journeys
10153,Who Gets to Keep Totodile?! Ash Versus Misty!,3,The Johto Journeys
10154,Skarmory Vs. Cyndaquil! Steel Wings,3,The Johto Journeys
10155,Dancing Totodile! Steps of Love!! ,3,The Johto Journeys
10156,Different Colored Noctowl!! Get It!!,3,The Johto Journeys
10157,Ursaring's Startled!!,3,The Johto Journeys
10158,Girafarig and the Psychic Village!,3,The Johto Journeys
10159,Pokemon Fortune-Telling?! Headlines! ,3,The Johto Journeys
10160,Goldenrod Gym! Speed and Power?!?,4,Johto League Champions
10161,Miltank! Revenge Battle!,4,Johto League Champions
10162,Radio Tower Battle! Center Crossover!,4,Johto League Champions
10163,Bug Catching Battle! Caught At Nature Park,4,Johto League Champions
10164,Where is Sudowoodo!?,4,Johto League Champions
10165,Fossil Pokémon Park! Ruins of Alph!,4,Johto League Champions
10166,Pidgey The Carrier Pigeon!,4,Johto League Champions
10167,Zubat Mansion! Dangerous Labyrinth!,4,Johto League Champions
10168,Bulbasaur Vs. Hitmontop! Fighting Match!,4,Johto League Champions
10169,Three in the Jungle! Hot Spring Battle!,4,Johto League Champions
10170,Seaking! Fishing Battle!,4,Johto League Champions
10171,Sayonara Vulpix! Beauty Contest!,4,Johto League Champions
10172,Bellsprout Vs. Shuckle,4,Johto League Champions
10173,Umbreon! Battle In The Moonless Night!,4,Johto League Champions
10174,Ledian! Cross Through The Windy Valley!,4,Johto League Champions
10175,Wobbuffet Village!,4,Johto League Champions
10176,I Wanna Be A Ditto Master! Return of Duplica,4,Johto League Champions
10177,"Snubbull, Meowth And Granbull!?",4,Johto League Champions
10178,Ariados and the Ninja Battle,4,Johto League Champions
10179,Beat the Winged Yanma! Across The Tomorrow Skies!,4,Johto League Champions
10180,Skiploom! Grass Type Pokémon Battle!,4,Johto League Champions
10181,Pikachu & Pichu!,4,Johto League Champions
10182,Houndoom and Togepi!,4,Johto League Champions
10183,Burnt Tower! Morty Appears!,4,Johto League Champions
10184,Ecruteak Gym! A Ghost Battle!,4,Johto League Champions
10185,The 5 Eevee Sisters! Tea Party Battle!,4,Johto League Champions
10186,Murkrow! The Theft of the Four Badges!,4,Johto League Champions
10187,Remoraid's Sky!,4,Johto League Champions
10188,Teddiursa's Secret!,4,Johto League Champions
10189,The Mystery of the Frozen Sunkern!,4,Johto League Champions
10190,Swinub! Search for the Hot Springs!,4,Johto League Champions
10191,Articuno Vs. Jigglypuff! In The Snowstorm!,4,Johto League Champions
10192,Arcanine and the Fire Stones!,4,Johto League Champions
10193,No More Dunsparce?,4,Johto League Champions
10194,Wobbuffet! Disaster?,4,Johto League Champions
10195,Brock's Breakdown! Dangerous Camp!,4,Johto League Champions
10196,Feraligatr Vs. Blastoise! Sumo Match!,4,Johto League Champions
10197,You Can Speak To Pokémon!? Pokémon's Words and Emotions!,4,Johto League Champions
10198,Golbat Vs. Masked Jessie! Battle In The Ruins!,4,Johto League Champions
10199,Smeargle's Tracks! Shining in the Morning Sun!,4,Johto League Champions
10200,"Nidorina, Nidorino! Brock's Color is Rose!",4,Johto League Champions
10201,Goodbye Chikorita! Dangerous Electric Labyrinth!,4,Johto League Champions
10202,Where has Bayleaf Gone!? The Catcher in the Herbs!,4,Johto League Champions
10203,Fortune-Telling Natu! Foreshadow Future's Mystery!,4,Johto League Champions
10204,Pokémon Balloon Race! Pass Through The Storm!,4,Johto League Champions
10205,Smoochum is Daydreaming! Pokémon Superstar In Love?,4,Johto League Champions
10206,Chase the Swimming Rhydon! Lake of a Battle!,4,Johto League Champions
10207,Kecleon Is Somewhere! Pokémon That Cannot Be Seen,4,Johto League Champions
10208,Nurse Joy That Hates Water Pokémon! Misty's Wrath,4,Johto League Champions
10209,Mother Miltank! Desert Secret!!,4,Johto League Champions
10210,Lighthouse Radiance! Olivine City Battle!!,4,Johto League Champions
10211,Cianwood City Gym! Wrestling Match!,4,Johto League Champions
10212,Whirl Islands! Reaching a New Challenge!,5,Master Quest
10213,Pidgey and Pidgey Detective! Still Will Watch an Eye to the Sky!,5,Master Quest
10214,Trip to the Beach! Chinchou Possession!,5,Master Quest
10215,A Friend Hereafter in Corsola! Showdown at Yellow Rock Island!,5,Master Quest
10216,Mantine and the Sunkern Ship! Secret Pokémon Riddle!,5,Master Quest
10217,Octillery Vs. Remoraid! Whirlpool Cup Qualifying Round!,5,Master Quest
10218,Whirlpool Cup! Great Battle in the Water Colosseum!,5,Master Quest
10219,Ash Vs. Misty! Whirlpool Cup Final Battle!,5,Master Quest
10220,Protect Diglett Village! Amazing Pitfall Strategy!,5,Master Quest
10221,Legend of the Silver Feather! Silver Rock Island!!,5,Master Quest
10222,Mystery Pokémon X!!,5,Master Quest
10223,Captive Lugia!,5,Master Quest
10224,Agreement with Lugia!,5,Master Quest
10225,Fly Proud Hoothoot! Aim for Olivine!!,5,Master Quest
10226,Olivine Gym! Vs. Steelix!,5,Master Quest
10227,Goodbye Bulbasaur! Adventure at Oak's Residence!!,5,Master Quest
10228,Sakura and Espeon! Ecruteak City Again!!,5,Master Quest
10229,Suicune and Eusine! Legend Of Ho-oh!!,5,Master Quest
10230,Ride the Swiftly Running Pokémon!!,5,Master Quest
10231,The Great Police Detective! Mystery Of The Egg That Vanished!,5,Master Quest
10232,The Egg....Hatches,5,Master Quest
10233,Team Rocket and Delibird!,5,Master Quest
10234,Ninetales In The Fog!,5,Master Quest
10235,Tyrogue And The Karate King Nobuhiko!,5,Master Quest
10236,The Great Prediction of Xatu!,5,Master Quest
10237,Lance and the Red Gyarados! Lake Of Rage!!,5,Master Quest
10238,Rage of the Red Gyarados!,5,Master Quest
10239,Piloswine and Pryce Of Winter!,5,Master Quest
10240,Mahogony Gym! Ice Battle!!,5,Master Quest
10241,Bellossom and Vileplume! Peace In The Grassy Meadow!,5,Master Quest
10242,Magcargo! Catch In The Hot Spirit!,5,Master Quest
10243,A Great Transformation in Pokémon Magic!?,5,Master Quest
10244,Zapdos and the Crystal! Secret of the Lake!,5,Master Quest
10245,Igglybuff Twins Vs. Jigglypuff! Pokemon Singing Concert!,5,Master Quest
10246,Slowpoke's Knowledge! Ash's Knowledge!,5,Master Quest
10247,Imposter Professor Oak!? Comic Haiku Showdown!!,5,Master Quest
10248,"Cleffa, Clefairy, and the Shoooting Star!",5,Master Quest
10249,The Evolution of Poliwhirl!,5,Master Quest
10250,"Battle Park! Vs. Blastoise, Charizard and Venusaur!",5,Master Quest
10251,Politoed and Cheerleading!,5,Master Quest
10252,The Ice Cave!,5,Master Quest
10253,Clair & Dratini!,5,Master Quest
10254,Blackthorn City Gym's Dragon's Fang!,5,Master Quest
10255,Dragonite! Invoke the Imperial Wrath!,5,Master Quest
10256,Blackthorn City Gym! The Final Badge!,5,Master Quest
10257,Wynaut! Wobbuffet and the Gym Badges!,5,Master Quest
10258,Coastline Gym! Battle in the Middle of Water!,5,Master Quest
10259,The Song of Lapras!,5,Master Quest
10260,Protect the Egg! A Life was Hidden in The Storm!,5,Master Quest
10261,Entei and Friends of the Hot Spring!,5,Master Quest
10262,Slowking! King's Rock!,5,Master Quest
10263,Casey and Elekid!,5,Master Quest
10264,Try Your Best Larvitar!,5,Master Quest
10265,The Unown of the Wondrous Country!,5,Master Quest
10266,Tyranitar and Larvitar!,5,Master Quest
10267,Sneasel and the Sacred Fire!,5,Master Quest
10268,The Silver Tournament! The Return of Gary!,5,Master Quest
10269,League Preliminaries! Quilava Flame Battle!,5,Master Quest
10270,Meganium vs. Bulbasaur! Spirit of the Grass Types!,5,Master Quest
10271,Tournament Finals! Full Battle 6 vs 6!!,5,Master Quest
10272,Rival Confrontation! Charizard VS Blatoise!,5,Master Quest
10273,Blaziken Returns! Battle with Harrison!!,5,Master Quest
10274,To the End of the Full Battle! Each One's Way!!,5,Master Quest
10275,Farewell...and then Setting Off!,5,Master Quest
10276,The Parting with Pikachu!,5,Master Quest
10277,A New Land! A New Adventure!!,6,Advanced
10278,Ancient Pokémon and Mysterious Teams!,6,Advanced
10279,Petalburg Gym! VS. Vigoroth!,6,Advanced
10280,A Lot of Taillow! A Lot of Danger! Capture in Petalburg Woods!,6,Advanced
10281,Zigzagoon and Youngster! May's First Battle!!,6,Advanced
10282,Team Rocket! Goodbye to the Trouble Makers!!,6,Advanced
10283,Treecko's Woods! Protect the Big Tree!,6,Advanced
10284,Seviper VS Treecko! Strike of Death!,6,Advanced
10285,Bizarre! The Shroomish Mansion Mystery!,6,Advanced
10286,The Greatest Pelipper Show in History!,6,Advanced
10287,Mightyena and Poochyena! Mystery of Evolution!,6,Advanced
10288,Lotad and the Three Sisters of the Flower Shop!,6,Advanced
10289,Contest! Beautifly's Magnificent Battle!,6,Advanced
10290,Double Battle & Double Wurmple!?!,6,Advanced
10291,Try to Study! Pokémon Trainer's School!,6,Advanced
10292,Rustboro Gym! Nosepass' Secret Weapon!,6,Advanced
10293,Devon Corporation! Shadow of Team Aqua!,6,Advanced
10294,Old Man Briney and Peeko The Wingull!,6,Advanced
10295,Escape! Sharpedo's Island!,6,Advanced
10296,Dewford Gym! Enter Brawly the Surfing Gym Leader!,6,Advanced
10297,Wurmple Vs. Wurmple! Which is Which!?!,6,Advanced
10298,"Steven, Aron & Aggron!",6,Advanced
10299,Roughneck of the Sea! Corphish Enters!,6,Advanced
10300,Run Ash! Cross the Carvahna River!,6,Advanced
10301,The Secret Pond! Full of Mudkip!,6,Advanced
10302,Attack of the Nuzleaf Family!,6,Advanced
10303,Team Magma VS Team Aqua! Secret Base Battle!,6,Advanced
10304,Beautifly & Dustox! The Final Evolution!,6,Advanced
10305,The Startling Sableye!,6,Advanced
10306,Meditite and the Battle Girl! In a Storm!,6,Advanced
10307,Dewford Gym Rematch! Surfing Battlefield!,6,Advanced
10308,The Abandoned Ship! The Creeping Shadow!,6,Advanced
10309,A Rival For May! Intensive Pokémon Contest Training!,6,Advanced
10310,The Great Starter Pokémon Panic!,6,Advanced
10311,May! The First Pokémon Contest Challenge!,6,Advanced
10312,Protect The Ocean Museum! Attack of Team Magma,6,Advanced
10313,Beauty & The Beast! Shiftry & Nurse Joy!,6,Advanced
10314,Plusle & Minun! The Mountain Lighthouse!,6,Advanced
10315,Sing! Pokémon Trick House!,6,Advanced
10316,Mauville Gym! Wattson's Electric Shock Battle!,6,Advanced
10317,Treecko's New Technique!! Watmel Field's Bullet Seed!,7,Advanced Challenge
10318,Volbeat & Illumise! Dance Of Love!,7,Advanced Challenge
10319,Fly Bagon! Towards the Future!,7,Advanced Challenge
10320,Enter Misty! Togepi and the Mirage Kingdom!,7,Advanced Challenge
10321,Towards The Mirage! Togepi's Paradise!!,7,Advanced Challenge
10322,Winstrate Family! 4 Vs. 4!,7,Advanced Challenge
10323,Skitty & Aromatherapy!,7,Advanced Challenge
10324,Zangoose & Seviper! Rival Confrontation!,7,Advanced Challenge
10325,Max & Max! Protect Surskit!,7,Advanced Challenge
10326,Pokémon Contest! Fallarbor Convention!,7,Advanced Challenge
10327,Vs. Medicham! Contest Battle,7,Advanced Challenge
10328,Plusle & Minun! Road Assitance!,7,Advanced Challenge
10329,Skitty & Assist! Meadow Of Numel,7,Advanced Challenge
10330,"Once Again, Team Magma Vs. Team Aqua! Mt. Chimney Battle!",7,Advanced Challenge
10331,"The New Gym Leader, Flannery! The Hole-Filled Battle Field!",7,Advanced Challenge
10332,Heat Badge! Win The Blazing Battle!,7,Advanced Challenge
10333,Lots of Spinda! Beyond the Mountain in Search of Happiness!,7,Advanced Challenge
10334,Breaking Through Steel Valley! Torkoal VS. Steelix!,7,Advanced Challenge
10335,Return To Mauville Gym! VS. Manectric!,7,Advanced Challenge
10336,Skitty & Delcatty! Enter the Legendary Pokémon Co-Ordinator!,7,Advanced Challenge
10337,Enter The Phantom Masked Co-Ordinator!,7,Advanced Challenge
10338,Verdanturf Town! Pokémon Contest,7,Advanced Challenge
10339,Solrock & Lombre! Legend Of The Forest!,7,Advanced Challenge
10340,Sky of Swablu! Spirit Of May!,7,Advanced Challenge
10341,The Great Gulpin Repelling Strategy!,7,Advanced Challenge
10342,Critical Situation! Exploud Vs. Grovyle!,7,Advanced Challenge
10343,Dancing Battle! Ludicolo!,7,Advanced Challenge
10344,Papa is Idol?!? False Gym Leader!,7,Advanced Challenge
10345,Petalburg Gym Crisis! Household Crisis!!,7,Advanced Challenge
10346,Petalburg Gym! The Fifth Badge!!,7,Advanced Challenge
10347,Prof. Oak & Prof. Birch! Secret Base Battle!!,7,Advanced Challenge
10348,Tag Battle! Ash VS May!!,7,Advanced Challenge
10349,King of the Forbidden Forest! Venusaur!,7,Advanced Challenge
10350,Bulbasaur & Bulbasaur! Regaining the Pokéballs!,7,Advanced Challenge
10351,Showdown! Fishing Master & The Giant Whiscash!,7,Advanced Challenge
10352,Baltoy & The Ruins in the Mist!,7,Advanced Challenge
10353,Formidable Enemy!? Mother Coordinator Enters!,7,Advanced Challenge
10354,Pokémon Contest! Rubello Tournament!,7,Advanced Challenge
10355,Spoink's Lost Object!?,7,Advanced Challenge
10356,Beginning Challenge! Sky Match - PokéRinger!?,7,Advanced Challenge
10357,The Mansion of Shuppet!,7,Advanced Challenge
10358,The Forest's Fighting King! Combusken VS Breloom!,7,Advanced Challenge
10359,Castform & The Weather Institute!,7,Advanced Challenge
10360,Fortree City's Feather Carnival!,7,Advanced Challenge
10361,Fortree Gym! Battle In The Sky,7,Advanced Challenge
10362,The Film's Riding on Camerupt!,7,Advanced Challenge
10363,Mystery! Pokémon From Outer Space?!,7,Advanced Challenge
10364,The Snorlax in Slakoth's Banana Garden!!,7,Advanced Challenge
10365,Pikachu...Joining Team Rocket??,7,Advanced Challenge
10366,Arrival in Lilycove City! PokéBlocks and Aerial Ace!?,7,Advanced Challenge
10367,Pokémon Contest! Lilycove Tournament!,7,Advanced Challenge
10368,The Three Animal Appearence! The Referee School Island!,7,Advanced Challenge
10369,Spoink & Clamperl! Seek The Pearl!,8,Advanced Battle
10370,Relicanth and the Deep Sea Treasure!,8,Advanced Battle
10371,Gorebyss & Huntail! The Evolution Mystery!,8,Advanced Battle
10372,Muscle Battle! Double Battle!,8,Advanced Battle
10373,Groudon VS Kyogre! (Part One),8,Advanced Battle
10374,Groudon VS Kyogre! (Part Two),8,Advanced Battle
10375,Tate & Liza! Space Center Battle!,8,Advanced Battle
10376,Mossdeep Gym! Lunatone & Solrock!,8,Advanced Battle
10377,Shaking Island Battle! Barboach vs Whiscash!,8,Advanced Battle
10378,Seaman! Enter The Elite 4 Drake!,8,Advanced Battle
10379,Island of Dr. Proctor! Fossil Pokémon Appear!!,8,Advanced Battle
10380,Izabe Island Pokémon Contest! Beware the Rival!,8,Advanced Battle
10381,Seal The Large Claydol!!,8,Advanced Battle
10382,Falling in Love With Mawile! Lombre's Flower Arrangement!!,8,Advanced Battle
10383,Trapinch & Vibrava! Lake of Illusion!,8,Advanced Battle
10384,Absol! Creeping Shadow Of Disaster!!,8,Advanced Battle
10385,Catch Snorunt!,8,Advanced Battle
10386,Rescue Ralts! Hurry Max!!,8,Advanced Battle
10387,"Sootopolis Gym! Juan, Artist of Water! (Part 1)!",8,Advanced Battle
10388,"Sootopolis Gym! Juan, Artist of Water! (Part 2)!",8,Advanced Battle
10389,Linoone! The Shape of Friendship!?!,8,Advanced Battle
10390,Wynaut of Mirage Island!,8,Advanced Battle
10391,Rollout! Loving Donphan!,8,Advanced Battle
10392,Disorderly Melee! Pokémon Contest - Pacifidlog Convention! (Part One),8,Advanced Battle
10393,Disorderly Melee! Pokémon Contest - Pacifidlog Convention! (Part Two),8,Advanced Battle
10394,'May-Delicious' Captures Munchlax,8,Advanced Battle
10395,Rival Enters! Morrison & Beldum!,8,Advanced Battle
10396,Mysterious Thief Brody & The Ribbon Cup!,8,Advanced Battle
10397,Ash & May! Heated Battles In Hoenn!,8,Advanced Battle
10398,Begin! Grand Festival! (1)!,8,Advanced Battle
10399,Fierce Fighting! Grand Festival! (2)!,8,Advanced Battle
10400,Decisive Battle! Grand Festival! (3)!,8,Advanced Battle
10401,Let's Go With Survival!,8,Advanced Battle
10402,EverGrande City Arrival! Meowth in Boots!?,8,Advanced Battle
10403,Start The Preliminaries! Morrison Appears!!,8,Advanced Battle
10404,Opening! EverGrande Tournement!!,8,Advanced Battle
10405,To The Tournament Finals! Every Day A Heated Battle!,8,Advanced Battle
10406,And... Continue The Battle That Cannot Be Lost!!,8,Advanced Battle
10407,Rival Confrontation! VS Morrison!,8,Advanced Battle
10408,The Last Fierce Fighting! The Road to the Championship!!,8,Advanced Battle
10409,Scott & The Battle Frontier!,8,Advanced Battle
10410,Oak's Laboratory! All Member's Gather!,8,Advanced Battle
10411,"Mt. Moon! With Cleffa, Clefairy & Clefable!",8,Advanced Battle
10412,First Battle! Battle Factory (Part 1),8,Advanced Battle
10413,First Battle! Battle Factory (Part 2)!,8,Advanced Battle
10414,The Kingdom Of Onix!,8,Advanced Battle
10415,Jigglypuff's Song! Father's Song!!,8,Advanced Battle
10416,Rival Confrontation! VS Arcanine!,8,Advanced Battle
10417,Psyduck's Depression!,8,Advanced Battle
10418,Sneasel & Mr. Mime! Which Restaurant?!,8,Advanced Battle
10419,Evolution! That Mystery & Marvel!!,8,Advanced Battle
10420,Pokémon Contest! Saffron Conference (Part 1)!,8,Advanced Battle
10421,Pokémon Contest! Saffron Conference (Part 2)!,8,Advanced Battle
10422,Hand-to-Hand Fighting Dojo! Ash VS May!!,9,Battle Frontier
10423,Psychic VS Ghost! Midnight Showdown!!,9,Battle Frontier
10424,Mime Jr Enters! House of Relaxation!!,9,Battle Frontier
10425,Mudkip & Flaaffy! Wonder Drug of Love!?,9,Battle Frontier
10426,Battle Arena! Fighting Confrontation!!,9,Battle Frontier
10427,The Breeding Centre & The Pokémon Egg!,9,Battle Frontier
10428,The Rival Is A SalaryMan??,9,Battle Frontier
10429,Dragonair's Lake!,9,Battle Frontier
10430,Battle Dome! Fusion of Fire & Water!,9,Battle Frontier
10431,Startling! Frightening! Elekid!,9,Battle Frontier
10432,Pokémon Ranger Appears! Celebi Rescue Operation!,9,Battle Frontier
10433,Bonsly & The Ninja School!,9,Battle Frontier
10434,May Travels Through Time!,9,Battle Frontier
10435,Fierce Fighting at the Battle Pike! VS Pike Queen Lucy!,9,Battle Frontier
10436,Who Single-Handedly has the Victory!? Pokemon Orienteering!!,9,Battle Frontier
10437,Munchlax's Battle Debut! Harley & Taking the Game Seriously!,9,Battle Frontier
10438,Grovyle VS Tropius! Grass Field Battle!,9,Battle Frontier
10439,Pokémon Contest! Yuzuhira Convention!,9,Battle Frontier
10440,Sceptile! Dawn of Revival!,9,Battle Frontier
10441,Fierce Fighting! Jungle Battle at the Battle Palace!,9,Battle Frontier
10442,King Bonsly & Queen Mime Jr!,9,Battle Frontier
10443,The Red Inazuma SkyScraper!,9,Battle Frontier
10444,Decisive Game! May VS Brock!,9,Battle Frontier
10445,Smoochum & The Three Jynx Sisters!,9,Battle Frontier
10446,Salon Maiden Anabel Enters!,9,Battle Frontier
10447,Battle Tower! Telepathy Battle!,9,Battle Frontier
10448,Pokémon Ranger! Deoxys Crisis!,9,Battle Frontier
10449,Sudowoodo! Legend of Gold!,9,Battle Frontier
10450,Harley & Team Rocket! The Formation of the Villanious Alliance!,9,Battle Frontier
10451,May VS Jessie! The Final Contest!,9,Battle Frontier
10452,Team Rocket's Disbandment!? Respective Roads!,9,Battle Frontier
10453,Brock & Ash! Defend Pewter Gym in Tag Battle!,9,Battle Frontier
10454,Battle Pyramid! VS Regirock!,9,Battle Frontier
10455,Marvel! Mountain of the Giant Slaking!,9,Battle Frontier
10456,Begin! Pokémon Contest - Grand Festival!,9,Battle Frontier
10457,May VS Harley! Double Battle On Stage!!,9,Battle Frontier
10458,May VS Drew! The Final Battle!,9,Battle Frontier
10459,Aipom & The King!,9,Battle Frontier
10460,Chatot & The Pokémon Comedian!,9,Battle Frontier
10461,Attack! The Stray Weavile!,9,Battle Frontier
10462,Battle Pyramid Again! VS Registeel!,9,Battle Frontier
10463,May VS Drew! Rivals Forever!,9,Battle Frontier
10464,The Pokémon Center is Very Busy!,9,Battle Frontier
10465,First Pokémon! Last Battle!,9,Battle Frontier
10466,Deciding Match! VS Regice!,9,Battle Frontier
10467,Ash VS May! The Last Battle!!,9,Battle Frontier
10468,The End Of a Journey! The Start of A Journey!,9,Battle Frontier
10469,Begin! From Twinleaf Town to Sandgem Town!,10,Diamond and Pearl
10470,Find Pikachu! Route 202!,10,Diamond and Pearl
10471,Rival Battle! 3 VS 3!,10,Diamond and Pearl
10472,Piplup VS Budew! Dawn's First Battle!!,10,Diamond and Pearl
10473,Get Turtwig!,10,Diamond and Pearl
10474,Forest of Hesitation! Paul Again!!,10,Diamond and Pearl
10475,Piplup Hangs On!!,10,Diamond and Pearl
10476,Croagunk & The Mysterious Gym!!,10,Diamond and Pearl
10477,Lets Play With Buneary!,10,Diamond and Pearl
10478,Pokétch is Unavailable?!!,10,Diamond and Pearl
10479,Dawn's Contest Debut!,10,Diamond and Pearl
10480,Contest Battle! Rival Confrontation!!,10,Diamond and Pearl
10481,Good Luck Starly!!,10,Diamond and Pearl
10482,Leave it to Brock!!,10,Diamond and Pearl
10483,Oreburgh Gym! Paul VS Roark!!,10,Diamond and Pearl
10484,Cranidos VS Pikachu!,10,Diamond and Pearl
10485,Big Charge of Ancient Pokémon!,10,Diamond and Pearl
10486,Oreburgh Gym Again! Deciding Match Agaisnt Rampardos!,10,Diamond and Pearl
10487,I Got a Pachirisu! Is That Ok??,10,Diamond and Pearl
10488,Pokémon Hunter J!,10,Diamond and Pearl
10489,The Strongest Magikarp & The Most Beautiful Feebas!,10,Diamond and Pearl
10490,Pachirisu VS Aipom! Pokémon Contest!,10,Diamond and Pearl
10491,Roaring Steelix! Protect the Bidoof Village!!,10,Diamond and Pearl
10492,Showdown! Ash VS Pikachu!,10,Diamond and Pearl
10493,The Gifted Roserade & The Flower Legend!,10,Diamond and Pearl
10494,Pokémon Contest! Floaroma Conference!,10,Diamond and Pearl
10495,Deciding Match! Piplup VS Prinplup!!,10,Diamond and Pearl
10496,Drifloon and the North Wind Messenger!,10,Diamond and Pearl
10497,Ash & Dawn! Saved By Double Battle?,10,Diamond and Pearl
10498,Eterna Forest! The Great Burmy Evolution Plan!,10,Diamond and Pearl
10499,Turtwig VS Turtwig! Speed Showdown!,10,Diamond and Pearl
10500,Vespiquen of the Amber Castle!,10,Diamond and Pearl
10501,It's Love! Pokémon Transformation Convention!!,10,Diamond and Pearl
10502,Buizel! Road to Strength!,10,Diamond and Pearl
10503,Elite Four Lucian & Bronzong!,10,Diamond and Pearl
10504,The Sinnoh Space-Time Legend!,10,Diamond and Pearl
10505,Eterna Gym! VS Gardenia!,10,Diamond and Pearl
10506,Explosive Birth! Cycle Road!,10,Diamond and Pearl
10507,Pikachu's In Charge!,10,Diamond and Pearl
10508,Champion Cynthia Appears!,10,Diamond and Pearl
10509,"Dawn, Zoey & A Double Performance!",10,Diamond and Pearl
10510,Electrike Practice Centre!,10,Diamond and Pearl
10511,Mismagius! Escape From Nightmare!,10,Diamond and Pearl
10512,Save The Stray Hippopotas!,10,Diamond and Pearl
10513,Hunter J Again! Protect Shieldon!,10,Diamond and Pearl
10514,Maze Shuffle! Everybody Hustle!,10,Diamond and Pearl
10515,"Mira, Abra & The Bottom of the Water!",10,Diamond and Pearl
10516,Ash & Dawn! Head For A New Adventure!,10,Diamond and Pearl
10517,Pokémon Contest! Hearthome Convention!,10,Diamond and Pearl
10518,Everyone Participate! Tag Battle!,10,Diamond and Pearl
10519,Chimchar VS Zangoose! Battle of Fate!,10,Diamond and Pearl
10520,Tag Battle! The Finals!,10,Diamond and Pearl
10521,Chimchar's Tears!,11,Diamond and Pearl: Battle Dimension
10522,Cacea & Gardenia! Farewell is for Whom?!,11,Diamond and Pearl: Battle Dimension
10523,Aipom & Buizel! Respective Roads!,11,Diamond and Pearl: Battle Dimension
10524,Spiritomb & The Odd Keystone,11,Diamond and Pearl: Battle Dimension
10525,Bibarel! Understood!,11,Diamond and Pearl: Battle Dimension
10526,Probopass! Burning Spirit!,11,Diamond and Pearl: Battle Dimension
10527,Luxray's Eyes!,11,Diamond and Pearl: Battle Dimension
10528,Unown of Solaceon Ruins!,11,Diamond and Pearl: Battle Dimension
10529,Pokémon Contest! Solaceon Convention!,11,Diamond and Pearl: Battle Dimension
10530,Miltank of the Maid Café,11,Diamond and Pearl: Battle Dimension
10531,The Swinub Trio & The Hot Spring Battle!,11,Diamond and Pearl: Battle Dimension
10532,Gliscor and Gligar! Getting Through the Wind Maze!,11,Diamond and Pearl: Battle Dimension
10533,Pachirisu in Hippowdon's Mouth!?,11,Diamond and Pearl: Battle Dimension
10534,Lucario & The Aura Sphere of Rage!,11,Diamond and Pearl: Battle Dimension
10535,Dawn's First Gym Battle!,11,Diamond and Pearl: Battle Dimension
10536,Veilstone Gym! Lucario VS Buizel!,11,Diamond and Pearl: Battle Dimension
10537,Lovely Fashion! Their Name is Team Galactic!,11,Diamond and Pearl: Battle Dimension
10538,"Pull Yourself Together, Chingling!",11,Diamond and Pearl: Battle Dimension
10539,Pokémon Ranger! The Wave-Guiding Riolu! (Part One),11,Diamond and Pearl: Battle Dimension
10540,Pokémon Ranger! The Wave-Guiding Riolu! (Part Two),11,Diamond and Pearl: Battle Dimension
10541,"Goodbye, Dustox!",11,Diamond and Pearl: Battle Dimension
10542,Pikachu! Raichu! The Road to Evolution!,11,Diamond and Pearl: Battle Dimension
10543,Enter The Contest Master - Wallace!,11,Diamond and Pearl: Battle Dimension
10544,Restaurant Seven Stars! Tag Battle for a Full Course!!,11,Diamond and Pearl: Battle Dimension
10545,Everyone's A Rival! Wallace Cup!,11,Diamond and Pearl: Battle Dimension
10546,Fierce Battles! Everyone's Respective Rival!,11,Diamond and Pearl: Battle Dimension
10547,Decisive Match! Dawn VS May!,11,Diamond and Pearl: Battle Dimension
10548,The Yanma Capture Operation!,11,Diamond and Pearl: Battle Dimension
10549,The Scorching Chimchar,11,Diamond and Pearl: Battle Dimension
10550,The Croagunk Festival of the Pastoria Great Marsh!,11,Diamond and Pearl: Battle Dimension
10551,Pastoria Gym! VS Crasher Wake!,11,Diamond and Pearl: Battle Dimension
10552,The Gluttonous Swinub at Mr. Backlot's!,11,Diamond and Pearl: Battle Dimension
10553,Gligar! Wings of Friendship!!,11,Diamond and Pearl: Battle Dimension
10554,Hearthome Collection! Road To Becoming A Pokémon Stylist! ,11,Diamond and Pearl: Battle Dimension
10555,The Psyduck Roadblock,11,Diamond and Pearl: Battle Dimension
10556,The Pokémon Summer School Offer,11,Diamond and Pearl: Battle Dimension
10557,"Research Release - ""The Legend of the Lake""!",11,Diamond and Pearl: Battle Dimension
10558,It's Ghost Time After School!,11,Diamond and Pearl: Battle Dimension
10559,The Final Showdown! Pokémon Triathlon!,11,Diamond and Pearl: Battle Dimension
10560,"Return to the Basics, Team Rocket!",11,Diamond and Pearl: Battle Dimension
10561,The Dancing Gym Leader! Fantina Appears!,11,Diamond and Pearl: Battle Dimension
10562,Pachirisu's Fever! Care-taking by Two People!?,11,Diamond and Pearl: Battle Dimension
10563,Pokémon Contest! The Celestic Convention!,11,Diamond and Pearl: Battle Dimension
10564,The Charge of Team Galactic!! (Part One),11,Diamond and Pearl: Battle Dimension
10565,The Charge of Team Galactic!! (Part Two),11,Diamond and Pearl: Battle Dimension
10566,The Unidfentified Floating Monster!,11,Diamond and Pearl: Battle Dimension
10567,Elite Four Aaron! Forest of Seperate Encounters!,11,Diamond and Pearl: Battle Dimension
10568,"Turtwig, Grotle...& Torterra!",11,Diamond and Pearl: Battle Dimension
10569,Rival Trainer Barry Appears!,11,Diamond and Pearl: Battle Dimension
10570,Hearthome Gym! VS Fantina!,11,Diamond and Pearl: Battle Dimension
10571,Chaotic Melee At Canalave City!,11,Diamond and Pearl: Battle Dimension
10572,Cresselia VS Darkrai!,11,Diamond and Pearl: Battle Dimension
10573,Yokan & Rotom,12,Diamond and Pearl: Galactic Battles
10574,The Way To Befriend Pokémon!,12,Diamond and Pearl: Galactic Battles
10575,Rampardos VS Bastiodon,12,Diamond and Pearl: Galactic Battles
10576,Canalave Gym! Steel Battle!,12,Diamond and Pearl: Galactic Battles
10577,The Missing Child Wailmer,12,Diamond and Pearl: Galactic Battles
10578,Riley & Lucario!,12,Diamond and Pearl: Galactic Battles
10579,The Hidden Ruins of Iron Island!,12,Diamond and Pearl: Galactic Battles
10580,The Pikachu-Piplup Drifting Chronicle!,12,Diamond and Pearl: Galactic Battles
10581,Mischief Phione!,12,Diamond and Pearl: Galactic Battles
10582,Pokémon Contest! Akebi Convention!,12,Diamond and Pearl: Galactic Battles
10583,The Wild Jenny & Her Partner Chatot!,12,Diamond and Pearl: Galactic Battles
10584,Froslass In A Blizzard,12,Diamond and Pearl: Galactic Battles
10585,Team Rocket Breakup!?,12,Diamond and Pearl: Galactic Battles
10586,PokéRinger! Big Decisive Sky Battle!!,12,Diamond and Pearl: Galactic Battles
10587,Clash! Mamoswine VS Aggron!,12,Diamond and Pearl: Galactic Battles
10588,Mysterious Creatures: Pokémon,12,Diamond and Pearl: Galactic Battles
10589,The Lonely Snover!,12,Diamond and Pearl: Galactic Battles
10590,Evolution! This Time For Piplup!?,12,Diamond and Pearl: Galactic Battles
10591,Pokémon Contest! Tatsuami Convention!,12,Diamond and Pearl: Galactic Battles
10592,Pokémon PingPong Competition! Ambipom Perseveres!!,12,Diamond and Pearl: Galactic Battles
10593,Cherubi! Brave Battle!?,12,Diamond and Pearl: Galactic Battles
10594,Teacher Candice of the Trainers' School!,12,Diamond and Pearl: Galactic Battles
10595,Snowpoint Gym! Ice Battle!!,12,Diamond and Pearl: Galactic Battles
10596,Pyramid Battle! Brandon VS Paul!,12,Diamond and Pearl: Galactic Battles
10597,Regigigas Resurrection! J Again!,12,Diamond and Pearl: Galactic Battles
10598,Ampharos Train! Looker Appears!!,12,Diamond and Pearl: Galactic Battles
10599,Full Battle! Paul VS Ash! (Part One),12,Diamond and Pearl: Galactic Battles
10600,Full Battle! Paul VS Ash! (Part Two),12,Diamond and Pearl: Galactic Battles
10601,Uxie's Shadow!,12,Diamond and Pearl: Galactic Battles
10602,King of the Forest! Tangrowth!!,12,Diamond and Pearl: Galactic Battles
10603,Everybody Participate! Pokemon Hustle!!,12,Diamond and Pearl: Galactic Battles
10604,Mt. Coronet Ruins! Team Galactic Conspiracy!!,12,Diamond and Pearl: Galactic Battles
10605,"Marill, Piplup & Elekid!",12,Diamond and Pearl: Galactic Battles
10606,Dawn VS Mom! Showdown Between Parent & Child!!,12,Diamond and Pearl: Galactic Battles
10607,Rescue Professor Oak! Politoed VS Croagunk!!,12,Diamond and Pearl: Galactic Battles
10608,"Natu, Xatu...Mysterious Forest!",12,Diamond and Pearl: Galactic Battles
10609,"Tower Tycoon! That Man, Palmer!",12,Diamond and Pearl: Galactic Battles
10610,The Worst Togepi In History!,12,Diamond and Pearl: Galactic Battles
10611,Johto Festa! Chikorita and Totodile Appear!!,12,Diamond and Pearl: Galactic Battles
10612,Dungeon Capture!? Valley Windworks!!,12,Diamond and Pearl: Galactic Battles
10613,Gible...Get!,12,Diamond and Pearl: Galactic Battles
10614,Pokemon Contest! Suiren Convention!!,12,Diamond and Pearl: Galactic Battles
10615,Ash and Dawn! Tag Battle!!,12,Diamond and Pearl: Galactic Battles
10616,"Misdreavus, Murkrow & the Dusk Stone!",12,Diamond and Pearl: Galactic Battles
10617,Pikachu & Piplup Keep Away!,12,Diamond and Pearl: Galactic Battles
10618,The Red Chain! Team Galactic Start!!,12,Diamond and Pearl: Galactic Battles
10619,"Azelf, Uxie, Mesprit!",12,Diamond and Pearl: Galactic Battles
10620,Dialga and Palkia! The Final Battle!!,12,Diamond and Pearl: Galactic Battles
10621,Full of Danger! James' Treasure Chest!!,12,Diamond and Pearl: Galactic Battles
10622,Air Battle Master Appears! Gliscor VS Scizor!,12,Diamond and Pearl: Galactic Battles
10623,Double Battle! Mamoswine & Cyndaquil!,12,Diamond and Pearl: Galactic Battles
10624,Gible & Draco Meteor,12,Diamond and Pearl: Galactic Battles
10625,Gible! Get It!!,12,Diamond and Pearl: Galactic Battles
10626,Explosion! Magnezone vs Metagross!!,13,Diamond and Pearl: Sinnoh League Victors
10627,Growling Ice Punch! Buizel VS Mr. Mime!!,13,Diamond and Pearl: Sinnoh League Victors
10628,Get Fired Up Snorlax! Prince of Pokéthlon!,13,Diamond and Pearl: Sinnoh League Victors
10629,Pokemon Contest! Asatsuki Tournament!!,13,Diamond and Pearl: Sinnoh League Victors
10630,Double Battle! VS Plusle & Minun!,13,Diamond and Pearl: Sinnoh League Victors
10631,Blast Evolution! Infernape!!,13,Diamond and Pearl: Sinnoh League Victors
10632,Piplup Becomes Separated!,13,Diamond and Pearl: Sinnoh League Victors
10633,Elite Four Flint and Gym Leader Volkner!,13,Diamond and Pearl: Sinnoh League Victors
10634,Takeoff! Sunyshore Tower!!,13,Diamond and Pearl: Sinnoh League Victors
10635,Beach Pokémon School!,13,Diamond and Pearl: Sinnoh League Victors
10636,Fly Shaymin! To the Far Side of the Sky!!,13,Diamond and Pearl: Sinnoh League Victors
10637,Pokémon Ranger! Heatran Rescue Mission!!,13,Diamond and Pearl: Sinnoh League Victors
10638,Elite Four Bertha! Hippowdon vs Torterra!!,13,Diamond and Pearl: Sinnoh League Victors
10639,Dancing Togekiss! Pokemon Contest Princess!!,13,Diamond and Pearl: Sinnoh League Victors
10640,Togekiss! The Battle Which it Becomes Magnificent!!,13,Diamond and Pearl: Sinnoh League Victors
10641,Ditto - Transformation Battle,13,Diamond and Pearl: Sinnoh League Victors
10642,Grand Festival! The Art of Flame & Ice!,13,Diamond and Pearl: Sinnoh League Victors
10643,Mamoswine & Pachirisu! The Ice Chandelier - Decisive Blow!,13,Diamond and Pearl: Sinnoh League Victors
10644,Semi-Final! Who is Heading to the Final!?,13,Diamond and Pearl: Sinnoh League Victors
10645,Final! Dawn VS Zoey!,13,Diamond and Pearl: Sinnoh League Victors
10646,Goodbye Team Rocket! Meowth's Love!,13,Diamond and Pearl: Sinnoh League Victors
10647,Electric Shock Battle! The Final Badge!!,13,Diamond and Pearl: Sinnoh League Victors
10648,Ash VS Kenny! Setting Sail for Each Destination,13,Diamond and Pearl: Sinnoh League Victors
10649,Treasure Hunter - Buck & Claydol,13,Diamond and Pearl: Sinnoh League Victors
10650,The Eve of the Fierce Fighting! The Big Gathering of Ash's Pokémon!,13,Diamond and Pearl: Sinnoh League Victors
10651,Opening! Sinnoh League - Suzuran Tournament!!,13,Diamond and Pearl: Sinnoh League Victors
10652,Sinnoh League Third Round! Barry VS Paul!,13,Diamond and Pearl: Sinnoh League Victors
10653,Trick Room Terror! Ash VS Conway!,13,Diamond and Pearl: Sinnoh League Victors
10654,Rival Decisive Battle! Ash VS Paul!,13,Diamond and Pearl: Sinnoh League Victors
10655,Intense Fighting Full Battle! Ash VS Paul!,13,Diamond and Pearl: Sinnoh League Victors
10656,Rival Battle Conclusion! Ash VS Paul!,13,Diamond and Pearl: Sinnoh League Victors
10657,Sinnoh League Semi-Final! Darkrai Appears!,13,Diamond and Pearl: Sinnoh League Victors
10658,Pokémon Doctor Brock,13,Diamond and Pearl: Sinnoh League Victors
10659,Memories are Pearl! Friendships are Diamond!,13,Diamond and Pearl: Sinnoh League Victors
10660,To the Unova Region! Zekrom's Shadow!!,14,Black and White
10661,Iris & Axew!,14,Black and White
10662,Oshawott! Sandile! Critical Moment!!,14,Black and White
10663,Battle Club! Mysterious Pokemon Appears!!,14,Black and White
10664,"Striaton Gym! VS Pansear, Panpour, Pansage!",14,Black and White
10665,Dreamyard! Munna & Musharna!!,14,Black and White
10666,Get Snivy With Attract!?,14,Black and White
10667,Darumakka and Darmanitan! The secret of Clock Tower!!,14,Black and White
10668,Out of Control Scolipede! Rescue Axew!!,14,Black and White
10669,Rival Battle! Strong Opponent Frillish!!,14,Black and White
10670,Dwebble! Take Back Your House!!,14,Black and White
10671,The Trubbish Squad & The Secret Base!!,14,Black and White
10672,Minccino is Tidy?!,14,Black and White
10673,Nacrene City! Big Adventure at the Museum!,14,Black and White
10674,Nacrene Gym Battle! VS Gym Leader Lenora!!,14,Black and White
10675,Nacrene City Gym Rematch! Explosive New Move!!,14,Black and White
10676,The Wild Child That Hatched From The Egg.,14,Black and White
10677,Pinwheel Forest! Sewaddle and Burgh!!,14,Black and White
10678,Sommelier Showdown! Dwebble vs Dewott!!,14,Black and White
10679,Pikachu VS Sandile VS Ducklett,14,Black and White
10680,Sky Arrow Bridge & Gothitelle!,14,Black and White
10681,Castelia City - Venipede Panic!,14,Black and White
10682,Team Rocket VS Team Plasma! (Part One),14,Black and White
10683,Team Rocket VS Team Plasma! (Part Two),14,Black and White
10684,Castelia Gym Battle - Pure-Hearted Bug Battle!,14,Black and White
10685,Castelia City Fishing Competition! Fishing Sommelier - Cilan Appears!,14,Black and White
10686,Beware of Cute Faces! Emolga Paralyses!,14,Black and White
10687,Emolga VS Snivy! Volt Switch Chaos!,14,Black and White
10688,The Scary Story of the Litwick Mansion!,14,Black and White
10689,The Road To Becoming A Dragon Master! Axew VS Druddigon!!,14,Black and White
10690,The Lost Shell! Oshawott's Biggest Crisis!,14,Black and White
10691,Beloved Cottonee Rides the Wind!,14,Black and White
10692,Elgyem & The Unidentified Flying Object!,14,Black and White
10693,Rival Battle! Vanillite & Timburr Participate in Battle!,14,Black and White
10694,Palpitoad & Stunfisk! Battle at the Waterfront!,14,Black and White
10695,The Dragon Buster Appears! Iris & Excadrill!!,14,Black and White
10696,Roggenrola!! Let's Fire the Flash Cannon!!,14,Black and White
10697,Connoisseur Detective Cilan! The Audino Disappearance Case!,14,Black and White
10698,Fossil Revival! Ancient Mysterious Bird Archeops!!,14,Black and White
10699,Zorua the Movie! Legend of the Pokémon Knight!,14,Black and White
10700,Everyone Gathers! Don Battle!!,14,Black and White
10701,Fierce Fighting Don Battle! Snivy VS Pawniard!,14,Black and White
10702,Heated Don Battle! Emolga VS Sawk!!,14,Black and White
10703,Decisive Don Battle! Ash VS Iris!!,14,Black and White
10704,Negotiator Meowth! Scrafty Persuasion Tactics!!,14,Black and White
10705,Be Cautious of Purrloin! Meowth & Oshawott!!,14,Black and White
10706,Beheeyem and Duosion and the Dream Thief!,14,Black and White
10707,Negotiator Meowth! Break Through the Forest of Beartic!!,14,Black and White
10708,High-Speed! Battle Subway! Part One,14,Black and White
10709,High-Speed! Battle Subway! Part Two,14,Black and White
10710,Charismatic Gym Leader Appears! Elesa Enters!,15,Black and White: Rival Destinies
10711,Nimbasa Gym! Lightning Battle!!,15,Black and White: Rival Destinies
10712,Ash & Cilan VS The Subway Bosses!,15,Black and White: Rival Destinies
10713,Ash VS Champion Alder!,15,Black and White: Rival Destinies
10714,"Somewhere, Over The Rainbow! A Maractus Musical!",15,Black and White: Rival Destinies
10715,"Sawsbuck: Spring, Summer, Fall, Winter, All Present!!",15,Black and White: Rival Destinies
10716,Scraggy & The Selfish Gothita!!,15,Black and White: Rival Destinies
10717,Iris & Deino! Training at the Day Care!!,15,Black and White: Rival Destinies
10718,Swift Hero A☆celgor VS Cryogonal Man!!,15,Black and White: Rival Destinies
10719,"Cilan & Chili, The Brother's Battle! Pansear VS Pansage!!",15,Black and White: Rival Destinies
10720,Tornadus VS Thundurus VS Landorus!! (Part One),15,Black and White: Rival Destinies
10721,Tornadus VS Thundurus VS Landorus!! (Part Two),15,Black and White: Rival Destinies
10722,Underground Gym Battle! VS Clay!!,15,Black and White: Rival Destinies
10723,"Joltik, Galvantula! Chargestone Cave!!",15,Black and White: Rival Destinies
10724,Trade Evolution! Escavalier & Accelgor!!,15,Black and White: Rival Destinies
10725,The Black Hero's Ruins! Sigiliyph and Cofagrigus!!,15,Black and White: Rival Destinies
10726,Double Battle! Pikachu & Krokorok VS Scolipede & Seismitoad!!,15,Black and White: Rival Destinies
10727,"Afro, GO! Bouffalant, NO!!",15,Black and White: Rival Destinies
10728,Mistralton Gym Air-Battle! Challenger Cilan!?,15,Black and White: Rival Destinies
10729,Mistralton Gym! Decisive Aerial Battle VS Skyla!!,15,Black and White: Rival Destinies
10730,Obstacle Breakthrough! Climb The Tower of the Sky!!,15,Black and White: Rival Destinies
10731,The Unveiling Donamite! Scraggy VS Simisage!!,15,Black and White: Rival Destinies
10732,Quick Succession Donamite! Druddigon VS Bisharp!!,15,Black and White: Rival Destinies
10733,Fierce Fighting Donamite! Bisharp VS Emboar!!,15,Black and White: Rival Destinies
10734,Decisive Battle Donamite! Throh vs Sawk!!,15,Black and White: Rival Destinies
10735,Rescue Axew! The Den of Durant!!!,15,Black and White: Rival Destinies
10736,Fierce Fighting at Twist Mountain! Carracosta's Miracle!! (Part One),15,Black and White: Rival Destinies
10737,Fierce Fighting at Twist Mountain! Carracosta's Miracle!! (Part Two),15,Black and White: Rival Destinies
10738,Flaming Memories! Tepig VS Emboar!!,15,Black and White: Rival Destinies
10739,Brycen Appears! The Holy Mountain of Volcarona!!,15,Black and White: Rival Destinies
10740,Icirrus Gym Battle! Ice Battlefield!!,15,Black and White: Rival Destinies
10741,Pokémon Connoisseur Showdown! Tasting Battle!!,15,Black and White: Rival Destinies
10742,Ferroseed Research Institute! Iris and Vanilluxe!!,15,Black and White: Rival Destinies
10743,"Movie Showdown! Sortie, Unova Defense Group!!",15,Black and White: Rival Destinies
10744,Fierce Fighting at the Virbank Gym! VS Roxie!! Part 1,15,Black and White: Rival Destinies
10745,Fierce Fighting at the Virbank Gym! VS Roxie!! Part 2,15,Black and White: Rival Destinies
10746,"Sing, Meloetta! The Melody of Love!!",15,Black and White: Rival Destinies
10747,"Piplup VS Pansage, the Magnificent Battle!!",15,Black and White: Rival Destinies
10748,Survival on the Island of Onix!,15,Black and White: Rival Destinies
10749,Connoiseur Detective Cilan! The Mystery of the Lost Cubchoo!,15,Black and White: Rival Destinies
10750,Iris and the Roughneck Dragonite!,15,Black and White: Rival Destinies
10751,The Junior Cup Gets Underway! Dragonite VS Beartic!!,15,Black and White: Rival Destinies
10752,Power Battle! Iris VS Dawn!,15,Black and White: Rival Destinies
10753,"Ash, Iris & Trip's Final Battle",15,Black and White: Rival Destinies
10754,"The Junior Cup, Site of Partings and Encounters!",15,Black and White: Rival Destinies
10755,Humilau Gym Battle! Mantine VS Samurott,15,Black and White: Rival Destinies
10756,Pokémon Nursery School Uproar! Rufflet & Vullaby!,15,Black and White: Rival Destinies
10757,Meloetta and the Underwater Temple!,15,Black and White: Rival Destinies
10758,Advance of the Therian Formes! Unova's Greatest Crisis!!,15,Black and White: Rival Destinies
10759,The World's Most Gorgeous Pokémon?! Cinccino VS Snivy!!,16,Black and White: Adventures in Unova and Beyond
10760,The Earth & Sky Tag Battle!!,16,Black and White: Adventures in Unova and Beyond
10761,"Iris, Return to Dragon Village!",16,Black and White: Adventures in Unova and Beyond
10762,Opelucid Gym! Iris VS Drayden!!,16,Black and White: Adventures in Unova and Beyond
10763,"Team Eevee, Depart! The Pokémon Rescue Squad!!",16,Black and White: Adventures in Unova and Beyond
10764,The Unova League Higaki Tournament Begins! Ash VS Trip!!,16,Black and White: Adventures in Unova and Beyond
10765,Fierce Fighting! Win Your Way Through the Rival Battles!!,16,Black and White: Adventures in Unova and Beyond
10766,Axew Gets Lost!,16,Black and White: Adventures in Unova and Beyond
10767,Sawk Enters! Ash VS Stephan!,16,Black and White: Adventures in Unova and Beyond
10768,Ash VS Cameron! The Hydreigon Secret Weapon!!,16,Black and White: Adventures in Unova and Beyond
10769,Unova League Conclusion! Lucario VS Pikachu!!,16,Black and White: Adventures in Unova and Beyond
10770,Juniper's Laboratory! A New Journey!,16,Black and White: Adventures in Unova and Beyond
10771,Friend...His name is N!,16,Black and White: Adventures in Unova and Beyond
10772,"The New Gym Leader, Cheren!!",16,Black and White: Adventures in Unova and Beyond
10773,Colress VS Looker! The Team Plasma Conspiracy!,16,Black and White: Adventures in Unova and Beyond
10774,The Foggy Floccesy Ranch! Ampharos' Light!,16,Black and White: Adventures in Unova and Beyond
10775,N Returns! Operation: Rescue Braviary!!,16,Black and White: Adventures in Unova and Beyond
10776,Hurry Up! The Pokémon Gulf Coast Relief Corps!!,16,Black and White: Adventures in Unova and Beyond
10777,"Burn, Charizard! VS Dragonite!",16,Black and White: Adventures in Unova and Beyond
10778,Team Plasma's Aspiration! The Manipulated Pokémon!!,16,Black and White: Adventures in Unova and Beyond
10779,N's Secret...Beyond the Fog!,16,Black and White: Adventures in Unova and Beyond
10780,Team Rocket VS Team Plasma! Meowth and Colress!!,16,Black and White: Adventures in Unova and Beyond
10781,The White Ruins! Ash VS N!!,16,Black and White: Adventures in Unova and Beyond
10782,Team Plasma Strikes! The Ressurection Ritual!!,16,Black and White: Adventures in Unova and Beyond
10783,Reshiram VS N! Beyond Ideals and Truth!!,16,Black and White: Adventures in Unova and Beyond
10784,Farewell Unova! Setting Sail Once Again!!,16,Black and White: Adventures in Unova and Beyond
10785,Sweet Honeymitsu is Filled with Danger!,16,Black and White: Adventures in Unova and Beyond
10786,Cilan the Connoisseur Detective! A Locked Room Mystery on the Open Sea!!,16,Black and White: Adventures in Unova and Beyond
10787,"Farewell, Oshawott!? The Path to Becoming Scalchop King!",16,Black and White: Adventures in Unova and Beyond
10788,Illusion Island! Zoroark in the Fog!,16,Black and White: Adventures in Unova and Beyond
10789,Rotom VS Professor Oak,16,Black and White: Adventures in Unova and Beyond
10790,The Pirate King of the Decolora Archipelago!,16,Black and White: Adventures in Unova and Beyond
10791,Ash and Butterfree! Until the Day We Meet Again!!,16,Black and White: Adventures in Unova and Beyond
10792,Ash and Iris Break It Off!? Highway to Separation!!,16,Black and White: Adventures in Unova and Beyond
10793,Wish Upon Jirachi! The Seven Days Miracle!!,16,Black and White: Adventures in Unova and Beyond
10794,Shining Flying Saucer! Beheeyem's Town!!,16,Black and White: Adventures in Unova and Beyond
10795,Alexa Appears! Helioptile & Gogoat!!,16,Black and White: Adventures in Unova and Beyond
10796,The Mystery of the Treasure! Adventure on an Uninhabited Island!!,16,Black and White: Adventures in Unova and Beyond
10797,Clair & Iris! The Shiny Druddigon!!,16,Black and White: Adventures in Unova and Beyond
10798,Noivern Appears! The Legend of the Comet & the Hero!!,16,Black and White: Adventures in Unova and Beyond
10799,GoGo Gogoat!,16,Black and White: Adventures in Unova and Beyond
10800,Emolga Joins Team Rocket !,16,Black and White: Adventures in Unova and Beyond
10801,Cilan VS The Ice Challenger! The Crisis at Striation Gym!!,16,Black and White: Adventures in Unova and Beyond
10802,Best Wishes! Until The Day We Meet Again!!,16,Black and White: Adventures in Unova and Beyond
10803,"My Dream, Pokémon Master!!",16,Black and White: Adventures in Unova and Beyond
10804,We've Come to Kalos Region! Dreams and Adventures Begin!,17,XY
10805,Mega Evolution and the Prism Tower!,17,XY
10806,Froakie VS Fletchling! Air Maneuver Battle!!,17,XY
10807,Pikachu & Dedenne! Nuzzle!!,17,XY
10808,Santalune Gym Match! The Vivillon's Elegant Dance Battle!,17,XY
10809,Decisive Battle on Ice! Pikachu VS Vivillon!,17,XY
10810,Leave it to Serena! Rampaging Rhyhorn Race!,17,XY
10811,Pokémon Trimmer & Furfrou!!,17,XY
10812,Capture Lumiose Gym! Clemont's Secret!,17,XY
10813,Chespin VS Mega Mega Meowth!,17,XY
10814,A Chase Through the Bamboo Grove! Pancham & Pangoro!!,17,XY
10815,Catch the Pokémon Buyer! Operation: Spewpa Disguise!!,17,XY
10816,Sylveon VS Froakie! Commotion in Kindergarten!!,17,XY
10817,Spooky Shelter! Espurr Watches You!!,17,XY
10818,Chespin VS Delphox! Diet Battle!?,17,XY
10819,Dedenne is Pichu and Pichu is Dedenne...!?,17,XY
10820,Froakie VS Frogadier! Ninja Battle!,17,XY
10821,Wake Up Snorlax! Battle in Parfum Palace!!,17,XY
10822,Madame X's Evil Plot! The Terrifying Malamar!!,17,XY
10823,The Battle Chateau Challenge! Viola VS Grant!!,17,XY
10824,Time to Debut! PokéVision with Serena and Fennekin!!,17,XY
10825,Fish the Golden Magikarp!,17,XY
10826,The Aurora Bond! Amaura and Aurorus!!,17,XY
10827,The Castle on the Seabed! Skrelp & Dragalge!!,17,XY
10828,The Cyllage Gym Match! Pikachu VS Tyrunt!!,17,XY
10829,Swirlix and Slurpuff!! A Sweet Fight Gets Anything But Sweet!?,17,XY
10830,Flabébé and the Fairy Flower!,17,XY
10831,Enter Champion Dianthe! Mega Gardevoir in Mist!!,17,XY
10832,Ta-da! A Fake Ash Appears!!,17,XY
10833,Korrina and Lucario! The Secrets of Mega Evolution!!,17,XY
10834,Lucario VS Blaziken! The Cave of Trials!!,17,XY
10835,Mega Lucario VS Mega Lucario! A Storm of Aura!!,17,XY
10836,Hearts Calling Out to One Another! Go Beyond Aura!,17,XY
10837,Mega Lucario VS Mega Mawile! The Mega Evolution Bond!!,17,XY
10838,The Forest Champion! Enter Hawlucha!!,17,XY
10839,A Sky Battle?! Hawlucha VS Talonflame!!,17,XY
10840,Reflection Cave! Ash and the Ash Through the Looking-Glass?,17,XY
10841,The Trevenant from the Wriggling Forest!,17,XY
10842,Pokémon Summer Camp! Enter the Rival Trio!!,17,XY
10843,Serena VS Shauna! PokéVision Showdown!!,17,XY
10844,PokéEnteering! The X in the Mist!,17,XY
10845,Team Battle! Competing for the Hall of Fame!,17,XY
10846,The Tower of Mastery! The History of Mega Evolution!,17,XY
10847,Shalour Gym Match! Pikachu VS Mega Lucario!!,17,XY
10848,Clemont VS Bonnie!? A Sibling Battle With Meowstic!!,17,XY
10849,The Clumsy Wigglytuff VS the Rampaging Salamence!!,17,XY
10850,Serena Catches Her First Pokémon!? Pancham VS Fennekin!!,17,XY
10851,Clemont's Campus of Memories! An Electrifying Reunion!!,17,XY
10852,"Mobilise, Lapras Defense Corps! Bonnie Does Her Best!!",17,XY
10853,"Dance, Pancham; Charm the Crowd, Fennekin! Waltz Towards Tomorrow!!",18,XY: Kalos Quest
10854,Hawlucha & Dark Hawlucha!!,18,XY: Kalos Quest
10855,Ninja Art Showdown! Frogadier VS Barbarcle!!,18,XY: Kalos Quest
10856,Serena Gets Serious! The Wild Skiddo Race!!,18,XY: Kalos Quest
10857,Malamar VS Inkay! A Bond That Saves the World !!,18,XY: Kalos Quest
10858,The Weakest Dragon Ever! Enter Goomy!!,18,XY: Kalos Quest
10859,Dedenne Does Its Best! All for Goomy!!,18,XY: Kalos Quest
10860,Vanillite Panic! Left Cold by a Whiteout!!,18,XY: Kalos Quest
10861,Coumarine Gym Match! Frogadier VS Gogoat!!,18,XY: Kalos Quest
10862,Ash and Serena's First Date! The Vow Tree and the Present!!,18,XY: Kalos Quest
10863,Aim to Become Kalos Queen! Serena's Grand Debut!!,18,XY: Kalos Quest
10864,"Into the Badlands! Fight, Goomy!!",18,XY: Kalos Quest
10865,Protect the Future of Science! The Labyrinth of Electricity!!,18,XY: Kalos Quest
10866,Being Lost and Torn is the Road to Separation!? Jessie and Wobbuffet!!,18,XY: Kalos Quest
10867,Fennekin VS Delphox! A Gorgeous Performance Battle!!,18,XY: Kalos Quest
10868,Enter Wartortle and Raichu! Sliggoo Does its Best!!,18,XY: Kalos Quest
10869,Criminal Investigation in Lumiose City! Clembot VS Black Clembot!!,18,XY: Kalos Quest
10870,Lumiose Gym Match! Ash VS Clemont!!,18,XY: Kalos Quest
10871,Mega Evolution is Being Targeted! The Bond with Garchomp!!,18,XY: Kalos Quest
10872,A Fight in the Wetlands! Goodra VS Florges!!,18,XY: Kalos Quest
10873,"Conclusion! Goodra, Somewhere Over the Rainbow!!",18,XY: Kalos Quest
10874,The Worst Possible Luck? Bonnie VS Meowth!!,18,XY: Kalos Quest
10875,The Scary House's Welcoming Services!,18,XY: Kalos Quest
10876,We Will Have a Battle at the Fashion Show! Bagon VS Spritzee!!,18,XY: Kalos Quest
10877,Laverre Gym Match! The Beautiful Fairy Trap!!,18,XY: Kalos Quest
10878,A Best-of-Three Rival Battle! Aim Towards Tomorrow!!,18,XY: Kalos Quest
10879,"The Wind, The Egg & the Noibat!!",18,XY: Kalos Quest
10880,"The Pokémon Sky Rally Challenge! Fly, Noibat!!",18,XY: Kalos Quest
10881,"""Pikachu Becomes a Star!? Its Movie Debut!!""
""How to Pikachu the Movie! Ready! Action!!""
The Thunderclap Hero! Super Pikachu!!
Pikachu's Thrilling Blooper Award",18,XY: Kalos Quest
10882,A Fierce Fight at the Poké Ball Factory! Pikachu VS Meowth!!,18,XY: Kalos Quest
10883,Braixen and Pancham! An Entrancing Fire Performance!!,18,XY: Kalos Quest
10884,Ash Leapt Through Time! Rotom's Wish!,18,XY: Kalos Quest
10885,"The Gourgeist Festival! Farewell, Pumpkaboo!?",18,XY: Kalos Quest
10886,Cross the Snow Mountains! Mamoswine and Abomasnow!!,18,XY: Kalos Quest
10887,Chespin! Its First Errand!!,18,XY: Kalos Quest
10888,A Broken Twig: A Broken Heart! Braixen's Strong Feelings!!,18,XY: Kalos Quest
10889,Moltres in Focus! Snap the Legend!!,18,XY: Kalos Quest
10890,Bonnie Will Take Care of You! The Pampered Tyrunt!!,18,XY: Kalos Quest
10891,A Train Revisited! Clemont and Bunnelby!!,18,XY: Kalos Quest
10892,Eevee is Shy with Strangers! The Catcher in the Flowers!!,18,XY: Kalos Quest
10893,A Tag Battle is a Friendship Battle! Eevee Fights for the First Time!,18,XY: Kalos Quest
10894,The Happy Dance Comes After a Quiz!? The Anistar Festival Showcase!!,18,XY: Kalos Quest
10895,A Kalos Crisis! Battle of the Giant Sundial!,18,XY: Kalos Quest
10896,Double Battle at the Anistar Gym! Olympia's Future Sight!!,18,XY: Kalos Quest
10897,The Explosive Birth of Z! That Which Lies Hidden in Kalos!!,19,XYZ
10898,Hot-blooded Quilladin! Squishy is Being Targeted!!,19,XYZ
10899,Mega Audino VS Giga Giga Meowth!!,19,XYZ
10900,Litleo and Pyroar! A Fiery Departure!!,19,XYZ
10901,Pikachu Dreams of Squishy!,19,XYZ
10902,Welcome to the Ninja Village! The Legend of the Hero Greninja!!,19,XYZ
10903,Decisive Battle in the Ninja Village! Frogadier VS Bisharp!!,19,XYZ
10904,"Dance, Eevee! Its Pokémon Showcase Debut!!",19,XYZ
10905,Terminus Cave! The Mystery of Z is Set in Motion!!,19,XYZ
10906,Bonnie and Squishie!,19,XYZ
10907,Noibat and Floette! An Encounter in the Wind!!,19,XYZ
10908,Ash and Serena! Getting One at a Dance Party!!,19,XYZ
10909,The Strongest Mega Battle! Greninja VS Mega Charizard!!,19,XYZ
10910,The Explosive Land's Wrath! Operation: Capture Zygarde!!,19,XYZ
10911,A Chesnaught from the Wilderness! The Tree-planting Robon!!,19,XYZ
10912,"The Master Class Trial! What Will You Do, Serena!?",19,XYZ
10913,Zapdos and Noivern! A Furious Strike of Lightning!!,19,XYZ
10914,Left and Right! The Indecisive Binacle!!,19,XYZ
10915,The Master Class Begins! A Maidens' Fight Where Sparks Fly!!,19,XYZ
10916,Aria VS Serena! Open the Door to the Future!!,19,XYZ
10917,A Bride for Clemont! Bonnie's S'il-vous-plaît Panic!!,19,XYZ
10918,Serena Becomes Ash! The Ultimate Pikachu Showdown!!,19,XYZ
10919,Ash and Alain! Greninja VS Mega Charizard Once Again!!,19,XYZ
10920,The Forest's Curse and the White Phantump!!,19,XYZ
10921,Ash VS Champion Diantha! VS Mega Gardevoir!!,19,XYZ
10922,Rival Showdown! Ash VS Sawyer!!,19,XYZ
10923,Snowbelle Gym Match! A Battlefield of Ice!!,19,XYZ
10924,The Winding Woods...The Dawn of Evolution!,19,XYZ
10925,Ash-Greninja VS Mega Abomasnow! The Giant Water Shuriken Triggers!!,19,XYZ
10926,Find Carbink! Goodra and Dedenne!!,19,XYZ
10927,Heatbursts at the Ingenuity Festival!,19,XYZ
10928,The Kalos League Begins! Mega Charizard Showdown: X VS Y!!,19,XYZ
10929,Mega Sceptile VS Raichu! I Received Some EXP!!,19,XYZ
10930,Semifinal Full Battle! Ash VS Sawyer!!,19,XYZ
10931,Fierce Rival Battle! Ash-Greninja VS Mega Sceptile,19,XYZ
10932,"Fierce Fighting at the Kalos League! Gather, All of My Passion!!",19,XYZ
10933,The Finals! Ash VS Alain!!,19,XYZ
10934,Kalos League Victory! Ash's Ultimate Match!!,19,XYZ
10935,Team Flare Attacks! The Zygarde at the Prism Tower!!,19,XYZ
10936,The Shocking Zygarde VS Zygarde! The Breaking World!!,19,XYZ
10937,Attack on Lumiose Gym! The Citroid Forever!!,19,XYZ
10938,The Megalith Advances! Kalos' Defense Line!!,19,XYZ
10939,Zygarde Fights Back! The Final Battle for Kalos!!,19,XYZ
10940,We Start at Zero! Clemont's Decision!!,19,XYZ
10941,One Last Battle with Ash! Serena's Choice!!,19,XYZ
10942,"Farewell, Ash-Greninja! Xerosic Strikes Back!!",19,XYZ
10943,A Zero With No End! Till the Day We Meet Again!!,20,Sun & Moon
10944,"Alola! New Islands, New Pokémon!!",20,Sun & Moon
10945,Enter the Guardian Deity Tapu Koko! Let Us Attempt To Master Our Z-Move!,20,Sun & Moon
10946,"Good Rotomorning, I am the Rotomdex, Roto!",20,Sun & Moon
10947,Enter Rowlet! I Got A Pokémon in Alola!!,20,Sun & Moon
10948,"Popplio, Do Your Balloonest!",20,Sun & Moon
10949,Zing Zap Togedemaru!,20,Sun & Moon
10950,"The Marketplace Wanderer, Litten!",20,Sun & Moon
10951,Who's in Charge of the Egg?,20,Sun & Moon
10952,The Totem Pokémon is Gumshoos!,20,Sun & Moon
10953,Will the Z-Move Work?! Challenging the Grand Trial!!,20,Sun & Moon
10954,Ash visits Kiawe!,20,Sun & Moon
10955,The Extracurricular Lesson is on Mareanie?!,20,Sun & Moon
10956,The Great Alola Pancake Race!,20,Sun & Moon
10957,The Fruit of Courage: Lillie and Vulpix!,20,Sun & Moon
10958,"Scratchmark Hill, Rockruff and Lycanroc!!",20,Sun & Moon
10959,A Tiny Trio on a Big Adventure!!,20,Sun & Moon
10960,Alola Detective Rotom! The Mystery of the Lost Crystal!!,20,Sun & Moon
10961,For Real?! Mallow's Cooking Operation!,20,Sun & Moon
10962,Intense Electric Shock Training! A Rematch with Tapu Koko!!,20,Sun & Moon
10963,The Promise Between Ash and Pikachu,20,Sun & Moon
10964,It is Time for Litten to Set Off!!,20,Sun & Moon
10965,Beware of Shovels!!!,20,Sun & Moon
10966,Here's a Real Shocker! A Dugtrio Split-Up?!,20,Sun & Moon
10967,Alola! The First Visitation Day!!,20,Sun & Moon
10968,The Fight Over the Crystal! Team Rocket VS Team Skull!!,20,Sun & Moon
10969,"Farewell, Sophocles!",20,Sun & Moon
10970,"Come Forth, Lycanroc with the Crimson Look!!",20,Sun & Moon
10971,The Fierce Pokébase Match! Aim for a Home Run to Turn the Tide!!,20,Sun & Moon
10972,"Hey Mush, Are You Going to Sleep in the Morelull Forest Too?",20,Sun & Moon
10973,"Lillie, Take Good Care of Pikachu",20,Sun & Moon
10974,"Enter Olivia! Cry and Laugh, Island Queen!!",20,Sun & Moon
10975,We Found a Treasure! Stoutland Search!!,20,Sun & Moon
10976,"Little Wishiwashi Isn't Lacking, It's the Lord of the Lake!",20,Sun & Moon
10977,A Fire Battle! Marowak Shows Up!,20,Sun & Moon
10978,A Curry-zy Beautiful Battle! The Dance of Lurantis!,20,Sun & Moon
10979,Olivia's Grand Trial! The Hardest Pokémon Match Ever!!,20,Sun & Moon
10980,Rockruff and the Guardian Diety of the Ruins of Life,20,Sun & Moon
10981,Mimikyu's Disguise!,20,Sun & Moon
10982,Mallow the Runaway and Oranguru!,20,Sun & Moon
10983,"Popplio, Brionne and the An-chor-gry Dhelmise!",20,Sun & Moon
10984,"Dash, Charjabug!",20,Sun & Moon
10985,An Alola! in Kanto! Brock & Misty!!,20,Sun & Moon
10986,Gym Battle! Z-Move VS Mega Evolution!!,20,Sun & Moon
10987,Ash and Nebby! A Mysterious Encounter!!,21,Sun & Moon: Ultra Adventures
10988,Nebby's Panic! The Teleport Happened Suddenly!!!!,21,Sun & Moon: Ultra Adventures
10989,"C'mon, Search for the Transformed Ditto!",21,Sun & Moon: Ultra Adventures
10990,Gladion & Silvally! The Confinement Mask!!,21,Sun & Moon: Ultra Adventures
10991,Strike a Fully Powered Pose for a Sleepover!,21,Sun & Moon: Ultra Adventures
10992,Lillie & Silvally: Memories Reborn!,21,Sun & Moon: Ultra Adventures
10993,Faba Strikes Back! Nebby Gets Abducted!!,21,Sun & Moon: Ultra Adventures
10994,EffortfuLillie! A Determined Runaway Act!,21,Sun & Moon: Ultra Adventures
10995,The Altar of the Sunne! Solgaleo Descends!!,21,Sun & Moon: Ultra Adventures
10996,Hurry Up! Operation: Rescue Lusamine!!,21,Sun & Moon: Ultra Adventures
10997,"Shine, Z-Power Ring! A Super Fully Powered 10,000,000 Volt Thunderbolt!!",21,Sun & Moon: Ultra Adventures
10998,"Thank You, Solgaleo! You are Our Nebby!!",21,Sun & Moon: Ultra Adventures
10999,A Strong Sleeper: Komala's Secret,21,Sun & Moon: Ultra Adventures
11000,Rotom Won't Stop Undergoing Forme Change!,21,Sun & Moon: Ultra Adventures
11001,"Don't Cry-de, Mareanie!",21,Sun & Moon: Ultra Adventures
11002,Mallow & Lana: Bittersweet Memories!,21,Sun & Moon: Ultra Adventures
11003,Lillie is Soaring Through The Air! The PokéSled Jump Tournament,21,Sun & Moon: Ultra Adventures
11004,Set Off! You Are Our Ultra Guardians!!,21,Sun & Moon: Ultra Adventures
11005,The Dark Meowth is Alolan Meowth!?,21,Sun & Moon: Ultra Adventures
11006,"Burn with Passion, Litten! Down with Incineroar!!",21,Sun & Moon: Ultra Adventures
11007,Ash and Passimian! A Touchdown of Friendship!!,21,Sun & Moon: Ultra Adventures
11008,Ilima and Eevee Have Ilimade Their Entrance!!,21,Sun & Moon: Ultra Adventures
11009,Smashing with Sketch! The Fierce Poké-Ping Pong Match!!,21,Sun & Moon: Ultra Adventures
11010,Pika Pika Sparkling Love! Poipole Spins Round and Round!!,21,Sun & Moon: Ultra Adventures
11011,Work Experience! Around the Clock with the Pokémon Center!,21,Sun & Moon: Ultra Adventures
11012,"Shine On, Starship Celesteela!",21,Sun & Moon: Ultra Adventures
11013,Protect the Farm! The Blue Flame Strikes Back!!,21,Sun & Moon: Ultra Adventures
11014,Dewpider gets Lana!,21,Sun & Moon: Ultra Adventures
11015,"Ta-Dough! Burn with Passion, Mallow's Family!",21,Sun & Moon: Ultra Adventures
11016,"Team Rocket, Get a Z-Ring!!",21,Sun & Moon: Ultra Adventures
11017,This Tough Old Geezer's the Island Kahuna?!,21,Sun & Moon: Ultra Adventures
11018,Tapu Bulu! Intense Slacker Training!!,21,Sun & Moon: Ultra Adventures
11019,The Decisive Super Battle! Pikachu VS Mimikyu!!,21,Sun & Moon: Ultra Adventures
11020,Nanu's Grand Trial! The Awakening of Lycanroc!,21,Sun & Moon: Ultra Adventures
11021,Ultra Beast Clash! Operation: Boom Boom Crackle!!,21,Sun & Moon: Ultra Adventures
11022,Minior and Poipole: A Promise that Got Lost in the Starry Skies!,21,Sun & Moon: Ultra Adventures
11023,A Sandshrew's Storm! An Ice Hole Double Battle!!,21,Sun & Moon: Ultra Adventures
11024,The Young Flame of Alola! The Birth of Royal Ash!!,21,Sun & Moon: Ultra Adventures
11025,Won't You Give us a Dance Dance Evolution?,21,Sun & Moon: Ultra Adventures
11026,Ash Becomes Tiny,21,Sun & Moon: Ultra Adventures
11027,The Shape of Family: Poipole's Feelings!,21,Sun & Moon: Ultra Adventures
11028,Leap 'n' Climb: Stakataka!,21,Sun & Moon: Ultra Adventures
11029,I Choose Here! The Pokémon Steam Paradise!!,21,Sun & Moon: Ultra Adventures
11030,Crisis in Alola! The Darkness that Eats Radiance!!,21,Sun & Moon: Ultra Adventures
11031,Lunala VS UB: BLACK! A Battle at Full Moon!!,21,Sun & Moon: Ultra Adventures
11032,A Prism of Light and Darkness: Its name is Necrozma!,21,Sun & Moon: Ultra Adventures
11033,Connect to the Future! The Legend of the Blinding One!!,21,Sun & Moon: Ultra Adventures
11034,It's an Outbreak-chu! The Pikachu Valley!!,21,Sun & Moon: Ultra Adventures
11035,Kukui Up Against the Wall! A Second Masked Royal!!,21,Sun & Moon: Ultra Adventures
11036,The Hero Lilliel and the Alolan Cane!,22,Sun & Moon: Ultra Legends
11037,Ghost Pokémon Everywhere! Everyone's Haunted House!!,22,Sun & Moon: Ultra Legends
11038,"Wela Volcano: The Graveler, the Golem and the Hikers!",22,Sun & Moon: Ultra Legends
11039,Team Rocket & Stufful!,22,Sun & Moon: Ultra Legends
11040,Dartrix the Master!!! Rowlet the Sleeperzzz,22,Sun & Moon: Ultra Legends
11041,The Duo Splits Up!? Ash & Rotom,22,Sun & Moon: Ultra Legends
11042,Where is Eevee Going? To the End of the World for the Sake of a Meeting!,22,Sun & Moon: Ultra Legends
11043,The Lightning that Blocks Wind! Its name is Zeraora,22,Sun & Moon: Ultra Legends
11044,Fire it Off! The Twin Gigavolt Havoc of Friendship!!,22,Sun & Moon: Ultra Legends
11045,An Alola! in Alola! Brock and Misty!,22,Sun & Moon: Ultra Legends
11046,A Passionate Heart That Smashes Even Rocks! Olivia and Brock!!,22,Sun & Moon: Ultra Legends
11047,Research Projects on Poni Island! Find the Island Kahuna!!,22,Sun & Moon: Ultra Legends
11048,Lycanroc Showdown! Ash VS Gladion!!,22,Sun & Moon: Ultra Legends
11049,We Have the Sea and We Have Valleys! Pokémon Evolution Training!!,22,Sun & Moon: Ultra Legends
11050,"Run, Kiawe! Surpass Yourself!!",22,Sun & Moon: Ultra Legends
11051,In Tapu Fini's Mist,22,Sun & Moon: Ultra Legends
11052,An Island Kahuna is Born! Ash's Grand Trial!!,22,Sun & Moon: Ultra Legends
11053,Hole in One at PokéGolf,22,Sun & Moon: Ultra Legends
11054,Arrival in Alola! Melty Metal Panic!!,22,Sun & Moon: Ultra Legends
11055,A New Species Has Been Discovered! I Got a Meltan!!,22,Sun & Moon: Ultra Legends
11056,A New Show?! The Tiny Melody of Magikarp,22,Sun & Moon: Ultra Legends
11057,Beauty and the Meowth!,22,Sun & Moon: Ultra Legends
11058,"Guzma, Emperor of Destruction!",22,Sun & Moon: Ultra Legends
11059,Lillie and the Secret Ingenuity Princess,22,Sun & Moon: Ultra Legends
11060,"Shaymin, Meltan and Sandy! Lost Explorers!!",22,Sun & Moon: Ultra Legends
11061,Aim for the Top Floor! The Explosive Dragon Gym!!,22,Sun & Moon: Ultra Legends
11062,Superspeed Vikavolt! The Awakening of Sophocles!!,22,Sun & Moon: Ultra Legends
11063,Lana Hooks a Kyogre?!,22,Sun & Moon: Ultra Legends
11064,Mallow's Valiant Effort! The Forest Pokémon Café!!,22,Sun & Moon: Ultra Legends
11065,You're Being Watched! Team Rocket's Alola Forms!!,22,Sun & Moon: Ultra Legends
11066,Master the Z-Move! Kiawe's Fierce Boot Camp!!,22,Sun & Moon: Ultra Legends
11067,Perfect Sharpness! Kartana has Arrived!,22,Sun & Moon: Ultra Legends
11068,Ash: A Timeless Encounter,22,Sun & Moon: Ultra Legends
11069,Pikachu's Exciting Expedition!,22,Sun & Moon: Ultra Legends
11070,Gladion & Lillie! Chasing a Father's Phantom!!,22,Sun & Moon: Ultra Legends
11071,The Curtain Rises! The Alola Pokémon League!!,22,Sun & Moon: Ultra Legends
11072,Brawl! Battle Royal 151!!,22,Sun & Moon: Ultra Legends
11073,Mallow & Lana! A Fully Powered Battle of Friendship!!,22,Sun & Moon: Ultra Legends
11074,Jessie VS James! A Battlefield of Love and Truth!!,22,Sun & Moon: Ultra Legends
11075,Overcome Decidueye!!,22,Sun & Moon: Ultra Legends
11076,A Birdacious Battle! Brave Bird VS Sky Attack!!,22,Sun & Moon: Ultra Legends
11077,Everyone's Fully Powered! The Road to the Semifinals!!,22,Sun & Moon: Ultra Legends
11078,The Semifinals! Kiawe VS Gladion!,22,Sun & Moon: Ultra Legends
11079,Rising Fire! More Than One Rival!!,22,Sun & Moon: Ultra Legends
11080,Guzma the Undefeated,22,Sun & Moon: Ultra Legends
11081,The Finals! The Ultimate Rival Showdown!!,22,Sun & Moon: Ultra Legends
11082,He's Born! The Alolan League Winner!,22,Sun & Moon: Ultra Legends
11083,Guzzlord Attacks! The Decisive Z-Move Battle!!,22,Sun & Moon: Ultra Legends
11084,Final Battle! Ash VS Kukui!!,22,Sun & Moon: Ultra Legends
11085,Burn with Passion! Get Filled with Intensity! A Full Battle!!!,22,Sun & Moon: Ultra Legends
11086,Conclusion! Incineroar VS Torracat!!,22,Sun & Moon: Ultra Legends
11087,The Greatest Z in Alola! Tapu Koko VS Pikachu!,22,Sun & Moon: Ultra Legends
11088,"The Sun, the Moon and Everyone's Dreams!",22,Sun & Moon: Ultra Legends
11089,"Thank You, Alola! Respective Departures!!",22,Sun & Moon: Ultra Legends
11090,Pikachu is Born!!,23,Journeys
11091,"On Lugia They Go, Ash and Goh!",23,Journeys
11092,"Ivysaur is Quite Mysterious, Don't You Think So?",23,Journeys
11093,Let's Go to the Galar Region! An Encounter with Scorbunny!!,23,Journeys
11094,Snorlax Grows Gigantic?! The Mystery of Dynamax!!,23,Journeys
11095,I'm Gonna Get a Ton of Pokémon! The Road to Mew!!,23,Journeys
11096,"The Hoenn Region, Site of Fierce Fights! The Battle Frontier Challenge!!",23,Journeys
11097,"Don't Give In, Piplup! An Ice Floe Race in the Sinnoh Region!!",23,Journeys
11098,The Pledge We Made That Day! The Ho-Oh Legend of the Johto Region!!,23,Journeys
11099,The Dragonite Paradise and the Dragonair Trial!,23,Journeys
11100,"Chloe, Yamper, and Sometimes Gengar Too!",23,Journeys
11101,"Dynamax Battle! Leon, The Greatest of Them All!!",23,Journeys
11102,Ash VS Leon! The Path to Power,23,Journeys
11103,The First Visit to the Unova Region! Raid Battle at the Ruins!!,23,Journeys
11104,Snow Day: Where is Cubone's Bone?,23,Journeys
11105,Ash Has Been Cursed...!,23,Journeys
11106,Scorbunny Use Your Flaming Kick! Face Tomorrow!!,23,Journeys
11107,Ash Joins In! The Pokémon World Championships!!,23,Journeys
11108,I Am Ditto!,23,Journeys
11109,Go Towards Your Dream! Ash and Go!!,23,Journeys
11110,"Hit Your Mark, Aura! Ash and the Mysterious Egg!!",23,Journeys
11111,Farewell Raboot!,23,Journeys
11112,Massive Panic! Cerise Park!!,23,Journeys
11113,"Rest, Team Rocket!",23,Journeys
11114,A Battle Festival Exploding With Life! VS Mega Lucario!!,23,Journeys
11115,"Splash! Magikarp
Crown Yourself Slowking",23,Journeys
11116,The Legend of Heroes! Leon's Ultimate Battle!,23,Journeys
11117,Sobble Sobs For What Reason?,23,Journeys
11118,One Crackling Fit of Jealousy: Yamper's Fantasy,23,Journeys
11119,The Reluctant Pikachu & The Exasperated Mr. Mime,23,Journeys
11120,Feebas and the Prism Scale,23,Journeys
11121,Celebi: A Timeless Promise,23,Journeys
11122,Who Wants to Trade Pokémon?,23,Journeys
11123,"Bea, the Lone Warrior! The Grapploct Menace!!",23,Journeys
11124,I Got Pikachu,23,Journeys
11125,"Crawl Out of the Sand Tomb, Ash and Goh!",23,Journeys
11126,"I Am Back! Nice To See You, Alola!",23,Journeys
11127,The Colossal Restoration & The Fossil Pokémon,23,Journeys
11128,Ash VS Bea! Overcome Octolock,23,Journeys
11129,VS Zapdos! Legendary Raid Battle,23,Journeys
11130,"Operation: Dub Pikachu
Half Marshtomp",23,Journeys
11131,Sword & Shield I: Slumbering Weald,23,Journeys
11132,Sword & Shield II: Darkest Day,23,Journeys
11133,Sword & Shield III: Eternatus,23,Journeys
11134,Sword & Shield IV: Ultimate Sword & Shield,23,Journeys
11135,Battling & Getting! Mewtwo Comes Back,23,Journeys
11136,Pokémon Champion! The Battle of Big Eaters!!,23,Journeys
11137,Almost Pikachu Crisis,23,Journeys
11138,Chloe & The Really Mysterious Eevee,24,Master Journeys
11139,Galar Fossils! Stick 'em Together!!,24,Master Journeys
11140,The Great Farfetch'd Trial!,24,Master Journeys
11141,Hands-On Agriculture Studies! Where is Diglett?!,24,Master Journeys
11142,"Getting a Legend?! Search for Suicune, the Guardian Deity of Water!!",24,Master Journeys
11143,Sobble In Possible!!,24,Master Journeys
11144,The Tale of You and Me in Glimwood Tangle!,24,Master Journeys
11145,Elite Four Wikstrom! The House of Chivalry,24,Master Journeys
11146,Love is a Psyduck!,24,Master Journeys
11147,"Panic! The Gulpin Ball!!
Come On, Chewtle Turtle Race",24,Master Journeys
11148,The Lost Grookey! Who is its Trainer!?,24,Master Journeys
11149,"Aim to Become Leek Master! Stay With Me, Chivalry!!",24,Master Journeys
11150,Leave Everything To Us! The Plusle and Minun Handymen!,24,Master Journeys
11151,Woebegone Drizzile!,24,Master Journeys
11152,Challenge! The Pokémon Water Obstacle Course!!,24,Master Journeys
11153,The Detested Absol!!,24,Master Journeys
11154,Dragon Battle! Ash VS Iris!!,24,Master Journeys
11155,Flabébé's White Flower!!,24,Master Journeys
11156,Pikachu the Suspect,24,Master Journeys
11157,Rivals for Goh?! The Road to Mew!!,24,Master Journeys
11158,I'd Like To Keep An Eye On Their First Errand!,24,Master Journeys
11159,Please Get Morpeko!!,24,Master Journeys
11160,Let's Go! Project Mew!!,24,Master Journeys
11161,Shuffle Panic in the Underground Labyrinth?!,24,Master Journeys
11162,"Commander Pikachu! Head Forth, Falinks!!",24,Master Journeys
11163,Darkrai's Midsummer Night's Dream,24,Master Journeys
11164,Cresselia's Midsummer Night's Light,24,Master Journeys
11165,Fully Powered! The Alola Desert Island Race!!,24,Master Journeys
11166,A Super-Electromagnetic Hyper Class Battle!,24,Master Journeys
11167,The Cerise Laboratories Become a Target!!,24,Master Journeys
11168,The Moon and the Sun; Chloe and Haruhi,24,Master Journeys
11169,Trial Mission! Volcarona's Golden Scales!!,24,Master Journeys
11170,A Clash?! BluePokémaniacs!,24,Master Journeys
11171,Alcremie's Super Sweet Battle?!,24,Master Journeys
11172,The Cleffa That Became A Star,24,Master Journeys
11173,The Lucarionite! Adventure on Mega Island!!,24,Master Journeys
11174,Rival Showdown! Ash VS Bea!!,24,Master Journeys
11175,Mega Evolution VS Gigantamax!,24,Master Journeys
11176,The Ice Queen and Glaceon,24,Master Journeys
11177,Trial Mission! The Deep Sea Diver Research Team!!,24,Master Journeys
11178,Dialga & Palkia! The Space-time Cataclysm!!,24,Master Journeys
11179,Dialga & Palkia! The Decisive Space-time Battle!!,24,Master Journeys
11180,The Ghost Train Departs...,25,Ultimate Journeys
11181,Gengar Does Its Best! The Road to Gigantamax!!,25,Ultimate Journeys
11182,Your Name is Francois,25,Ultimate Journeys
11183,The Heracross Loss and the Pinsir in Love,25,Ultimate Journeys
11184,Farewell! The Wandering Team Rocket,25,Ultimate Journeys
11185,Reach Space! Ampharos' Light,25,Ultimate Journeys
11186,Slowking! A Curry-zy Beautiful Encounter!!,25,Ultimate Journeys
11187,The Pokémon Circus! Flareon and Jolteon,25,Ultimate Journeys
11188,Marnie from Spikemuth,25,Ultimate Journeys
11189,A Full Coverage of Leon's Special Training!!,25,Ultimate Journeys
11190,The Thwackey with One Stick!,25,Ultimate Journeys
11191,Trial Mission: A Frozen Raid Battle!!,25,Ultimate Journeys
11192,Ash & Clemont! Special Friendship Training!!,25,Ultimate Journeys
11193,Ultra Class! VS Elite Four Drasna!,25,Ultimate Journeys
11194,Eevee and Sylveon! Encounters and Reunions!!,25,Ultimate Journeys
11195,A New Show! The Team Rocket Undercover Kingdom Radio!!,25,Ultimate Journeys
11196,"Help Us, Big Bro Yamper!",25,Ultimate Journeys
11197,Lucario & Greninja! The Aura of Fate!!,25,Ultimate Journeys
11198,VS Raihan! A Fight with Masters Eight on the Line!!,25,Ultimate Journeys
11199,The Traitorous Battle Royal!,25,Ultimate Journeys
11200,Mohn and Lillie: A Reunion on the Tundra!,25,Ultimate Journeys
11201,A Triumphant Return! The Alola Champion!!,25,Ultimate Journeys
11202,Last Mission! Get Regielki & Regidrago!!,25,Ultimate Journeys
11203,Fire Training Battle! Ash VS Paul!!,25,Ultimate Journeys
11204,The Curtain Rises! The Masters Tournament!!,25,Ultimate Journeys
11205,Champions' Pride! Lance VS Diantha!!,25,Ultimate Journeys
11206,VS Cynthia! Iris' Road to Dragon Master,25,Ultimate Journeys
11207,Ash Heads Into Battle! VS Steven!!,25,Ultimate Journeys
11208,Chloe and Eevee and the EV-io-lite Primer!,25,Ultimate Journeys
11209,The Possibilities are Endless for Chloe and Eevee!,25,Ultimate Journeys
11210,The Climax Begins: Ash's Masters Tournament Experience,25,Ultimate Journeys
11211,The Semifinals I: Sweep,25,Ultimate Journeys
11212,The Semifinals II: Dazzle,25,Ultimate Journeys
11213,The Semifinals III: Valor,25,Ultimate Journeys
11214,The Semifinals IV: Impact,25,Ultimate Journeys
11215,Go for Dream! Goh's Road to Mew!!,25,Ultimate Journeys
11216,Goh and Cinderace! The Place Where It All Began!!,25,Ultimate Journeys
11217,Climax! The Night Before the Decisive Match: Ash VS Leon!!,25,Ultimate Journeys
11218,The Finals I: Torrent,25,Ultimate Journeys
11219,The Finals II: Toying,25,Ultimate Journeys
11220,The Finals III: Strongest,25,Ultimate Journeys
11221,The Finals IV: Partner,25,Ultimate Journeys
11222,Project Mew,25,Ultimate Journeys
11223,The Future I Seize!,25,Ultimate Journeys
11224,Pokémon! I Am Glad I Got To Meet You,25,Ultimate Journeys
11225,Ash and Goh! Setting Off Anew!!,25,Ultimate Journeys
11226,The Wind of Beginnings! The Eon Path!!,25,Ultimate Journeys
11227,Ash VS Misty! A One-on-One on the Beach!!,25,Ultimate Journeys
11228,"Brock, Cilan and the Forest Witch!",25,Ultimate Journeys
11229,Beartic's Sigh!,25,Ultimate Journeys
11230,Enter the Squirtle Fire Brigade!,25,Ultimate Journeys
11231,And We're Looking at the Same Moon!,25,Ultimate Journeys
11232,Riding on Lapras!,25,Ultimate Journeys
11233,What Banette Is Looking For!,25,Ultimate Journeys
11234,Team Rocket's Counterattack!,25,Ultimate Journeys
11235,Ash & Latios!,25,Ultimate Journeys
11236,The Rainbow and the Pokémon Master!,25,Ultimate Journeys
